IR_Wavelength_1,IR_Wavelength_2,IR_Wavelength_3,IR_Wavelength_9,IR_Wavelength_10,Material_Type
84539,283485,322353,174869,287245,Unknown
-1,-1,-1,-1,-1,Unknown
-1,-1,-1,-1,-1,Unknown
111801,271761,310081,183691,287113,Unknown
1884153,3544459,5442821,2577215,4374425,Unknown
1882283,3508831,5431159,2553225,4348277,Unknown
1874387,3491505,5461443,2546517,4362375,Unknown
112635,279425,310593,186231,284747,Unknown
114791,251999,318261,173715,258679,Unknown
1123167,1916253,3270175,1453889,2693729,Unknown
1079839,1821067,2762127,1445113,2273851,Unknown
1284291,1981131,2452821,1511269,2113637,Unknown
2293917,3581965,8055653,2775789,5684821,Unknown
2382575,3569545,7443971,2764129,5354781,Unknown
2358633,3693019,8123125,2875343,5820965,Unknown
108859,270221,314465,182501,287683,Unknown
3019627,5446583,8387127,3814847,6247083,Unknown
2784183,5109815,8128535,3760821,6469997,Unknown
928571,1547455,2543999,637063,1160663,Unknown
438997,739815,1233699,463541,848407,Unknown
132623,296939,356985,202813,322779,Unknown
1492541,2369671,3830869,1858787,3060581,Unknown
1497545,2336375,3762143,1808001,2966035,Unknown
970889,1476943,2013723,1128157,1607031,Unknown
143763,324271,390381,219309,342479,Unknown
548663,371047,495213,238781,298437,Unknown
69199,265879,297807,168245,262201,Unknown
105605,270215,316137,180061,280513,Unknown
234083,463193,696697,330829,564089,Unknown
137035,327447,461599,232129,393341,Unknown
105765,268475,317105,182349,279551,Unknown
225005,513963,1037333,363493,770117,Unknown
1346013,2452443,3952523,1805255,3134181,Rec
1291051,2309139,3639095,1710189,2898555,Rec
966743,1629259,2568755,1291393,2208049,Rec
1253519,2190595,3405967,1640567,2742193,Rec
1090947,1853603,3033685,1393741,2376909,Rec
1240397,2150929,3048175,1634997,2594707,Rec
1214187,2067067,3403985,1550875,2650167,Rec
1219499,2104655,3238517,1573735,2588431,Rec
1115717,2089039,3397169,1582837,2604145,Rec
1192603,2199161,3176487,1620727,2597483,Rec
995403,1885931,2359767,1390889,2130053,Rec
1587985,2736847,4473045,2042539,3498337,Rec
1647291,2886153,4611597,2115671,3589997,Rec
1586595,2743879,4553267,2052249,3549111,Rec
1622905,2819009,4486761,2103151,3552595,Rec
2083653,3736989,5346275,2753543,4414703,Rec
1499557,2539403,4158515,1913107,3263471,Rec
1578153,2696561,4437987,2027021,3479977,Rec
1728821,2996367,4980249,2243303,3891769,Rec
1707809,2942069,4928225,2201953,3830089,Rec
1463883,2523461,4162653,1870699,3197375,Rec
1339449,2277283,3284441,1669579,2697659,Rec
1368465,2407509,3600687,1790529,2925353,Rec
1600727,2823055,4368783,2097745,3498857,Rec
1497895,2687709,4224537,1979563,3361305,Rec
1628643,2813427,4318879,2103833,3467541,Rec
1431971,2580723,3900155,1918645,3212299,Rec
1036255,1708157,2387269,1287333,1994827,Rec
1066203,1784913,2507321,1349853,2099103,Rec
1192805,2096177,3341749,1558067,2651575,Rec
1009269,1805447,2942391,1404217,2455993,Rec
1191595,1919299,2870801,1470109,2326713,Rec
1078757,1743123,2486615,1335147,2052229,Rec
1249247,2075197,3231677,1582673,2688703,Rec
1448511,2411347,3817823,1829463,3029653,Rec
1023865,1665383,2491653,1279789,2023187,Rec
949269,1546375,2243235,1173357,1841317,Rec
1039163,1740671,2684853,1292883,2064219,Rec
1037207,1705381,2754701,1296327,2164875,Rec
1381651,2345547,3695281,1766311,2933539,Rec
1120285,1836005,2952207,1494871,2519127,Rec
1548903,2384021,3797747,1802007,2920609,Rec
1765771,2750297,4076995,2142407,3379103,Rec
1705461,2763837,4243445,2113961,3413253,Rec
1708667,2774971,4262681,2117023,3415947,Rec
1163015,1852457,3141433,1443759,2442487,Rec
1570757,2630019,4074215,1988625,3258847,Rec
1792133,3007647,4641037,2261265,3703689,Rec
1705847,2855701,4432037,2158141,3540549,Rec
1789161,2988821,4597039,2255445,3679199,Rec
1761539,3061757,4972089,2284141,3909279,Rec
1830529,3096163,5026815,2334865,3956185,Rec
1947945,3253579,5254441,2465045,4139663,Rec
778303,1312111,1866821,998377,1542257,Rec
1041911,1786461,2855827,1354229,2292701,Rec
787545,1376489,2100925,1025779,1690569,Rec
815807,1361249,2004397,1031569,1637865,Rec
1626283,2659499,3969461,1986749,3191755,Rec
1828489,2882739,4399487,2229615,3540935,Rec
1911513,3129611,4869419,2396713,3899429,Rec
883247,1443471,1924641,1111561,1646781,Rec
823625,1295453,1899647,1003111,1548555,Rec
820799,1328641,1860947,1017265,1546189,Rec
1276173,2144855,3558883,1612635,2774013,Rec
1084013,1761485,2889933,1416369,2359553,Rec
1142925,1891917,3151645,1623145,2675177,Rec
1104159,1895051,3051147,1419469,2405981,Rec
934767,1502797,2514643,1118179,1948885,Rec
2743131,4846493,7648157,3593901,6082443,Rec
1246213,3183647,4731785,2115055,3861503,Rec
1155593,2966107,4518671,1954197,3643033,Rec
1248617,2993823,4704373,2006037,3725275,Rec
835753,2258257,3573239,1471811,2842947,Rec
1106783,3005123,4388129,1952559,3594347,Rec
1346097,2321093,3930453,1733597,3037831,Rec
1260187,2190199,3744395,1633193,2887021,Rec
1108475,1919453,3217915,1434031,2496463,Rec
1099985,1907129,3057667,1428289,2419203,Rec
771419,1346205,2241687,959431,1697789,Rec
1200497,2029477,3378885,1562363,2731677,Rec
773119,1324059,2043099,1012241,1654547,Rec
1072243,1753487,2872723,1341257,2254641,Rec
1064075,1744875,2813683,1327991,2212941,Rec
824865,1419091,1957077,1050793,1631387,Rec
1328023,2201307,3642185,1671327,2842793,Rec
1308409,2143637,3497079,1649375,2769653,Rec
1048601,1688377,2812501,1300419,2178997,Rec
1118521,1866459,2755887,1422065,2252815,Rec
1113901,1840111,2904695,1398817,2308749,Rec
998067,1633047,2455145,1252945,2008101,Rec
837845,1402549,1858547,1056293,1541285,Rec
832369,1355773,1848459,1039587,1556421,Rec
1144561,1866229,3032481,1427163,2354037,Rec
1140163,1825799,3247691,1403965,2472265,Rec
1290541,2075903,3161867,1592347,2547595,Rec
1298239,1993655,3041931,1572609,2609791,Rec
1290851,2066941,3250987,1589481,2588551,Rec
1184045,1882807,2940139,1416281,2234223,Rec
1285381,2004789,3199577,1546275,2505427,Rec
1179845,1852919,2780477,1379375,2258995,Rec
952411,1545793,2247329,1184543,1846051,Rec
953885,1535335,2343841,1184177,1882619,Rec
1178371,1866737,2795275,1447997,2270827,Rec
1210287,1939523,2810369,1489395,2306285,Rec
1207109,1949287,2846765,1496135,2334113,Rec
1208791,1935893,2800315,1487865,2303213,Rec
1329141,2099219,3077067,1621163,2516335,Rec
1311927,2100793,3112295,1615427,2536161,Rec
1549685,2556243,3987341,1942361,3181245,Rec
1363151,2259011,3575821,1718411,2843943,Rec
1282495,2127031,3369283,1604063,2644423,Rec
1399481,2324639,3597067,1769045,2891625,Rec
1268417,2076387,3249589,1501355,2476751,Rec
1222925,2006247,3217005,1527239,2539625,Rec
1087565,1741923,2864771,1359037,2262667,Rec
1223859,1969687,3143269,1513273,2488943,Rec
1218009,1964031,3090951,1507325,2459543,Rec
1142769,1848347,2892707,1411249,2294093,Rec
1100749,1811693,2879949,1370325,2261935,Rec
1015653,1705347,2463977,1290487,2026755,Rec
1179313,1960643,3096577,1489561,2453207,Rec
1196205,1967579,2815411,1498259,2324573,Rec
1042363,1706369,2528895,1300663,2059665,Rec
1969045,3032311,4504855,2365057,3658937,Rec
2041891,3281261,5148339,2515645,4089825,Rec
2091121,3284471,4901181,2538507,3969643,Rec
1759235,2948115,4683169,2230161,3709405,Rec
2154161,3470337,5522325,2665053,4378235,Rec
1714113,2702685,4409397,2242483,3726711,Rec
1988159,3288637,5276633,2498271,4167075,Rec
2060721,3388403,5341587,2582117,4246063,Rec
1815293,2892915,4810349,2232813,3690255,Rec
2019483,3292269,5235261,2519361,4153857,Rec
1948773,3224069,5089089,2471557,4070979,Rec
1993575,3277637,5268449,2499443,4167097,Rec
1443423,2348047,3285647,1799795,2730177,Rec
1429831,2243741,3190315,1740463,2642565,Rec
1620197,2539467,3740279,1968067,3051503,Rec
1715755,2833479,4429849,2153863,3537675,Rec
1548219,2458355,3815103,1904235,3095401,Rec
1581283,2643487,4085871,2000493,3275645,Rec
1460923,2397467,3466205,1826993,2853557,Rec
1448199,2417297,3641277,1737311,2874405,Rec
1566119,2609453,4081425,1978127,3257635,Rec
1677951,2929823,4509339,2183943,3630577,Rec
1671795,3013817,4720515,2220667,3765305,Rec
1714071,2984841,4680059,2222461,3722907,Rec
1668631,2958419,4481171,2195901,3623805,Rec
1711127,2861975,4393695,2177349,3548437,Rec
1702419,2937443,4620067,2204111,3689021,Rec
1457165,2549469,4138321,2002377,3462735,Rec
1579795,2780061,4623347,2073627,3555183,Rec
1760165,2986095,4761129,2271231,3817069,Rec
1777553,3020923,4808603,2272871,3811763,Rec
1520933,2645805,4277361,2050871,3541927,Rec
831483,1283873,1848235,1000073,1518855,Rec
1077487,1674111,2749043,1306207,2145181,Rec
1126705,1692941,2627671,1329337,2106173,Rec
799597,1275097,1834211,981615,1510379,Rec
1345297,2187449,3616543,1676247,2831067,Rec
1355763,2217577,3632995,1694211,2851167,Rec
1114293,1792563,3127575,1439763,2444505,Rec
1116303,1792041,2950949,1375865,2306991,Rec
860981,1384501,2395575,1111721,1886913,Rec
1162381,1887363,3356817,1450419,2566955,Rec
923279,1568147,2872041,1208003,2206805,Rec
1462473,2444947,3940961,1850551,3102723,Rec
1645273,2695975,3924409,2055259,3218905,Rec
1567649,2613699,3798607,1982303,3092691,Rec
1565837,2548207,3850945,1949273,3111467,Rec
1765967,2893861,4631273,2211653,3662175,Rec
1541969,2599697,4109423,2021369,3282623,Rec
1647975,2709973,4305715,2060631,3411867,Rec
1518997,2459657,3850267,1905109,3099537,Rec
1643399,2680651,4256425,2052135,3398381,Rec
1531847,2504249,4012699,1908647,3177049,Rec
1527847,2533835,3752605,1908855,3055223,Rec
823273,1392085,2146457,1055603,1724697,Rec
1027627,1699259,2778821,1294579,2182047,Rec
838729,1402941,2182169,1058031,1739909,Rec
1179431,2006389,3772929,1517919,2825173,Rec
1022725,1737741,3021205,1324875,2349193,Rec
1294609,2183297,3564639,1651267,2801249,Rec
1228907,2044777,3348265,1613237,2809939,Rec
1113789,1906423,3098507,1429391,2434033,Rec
1028375,1744919,2790913,1280977,2181365,Rec
2095701,3956041,6254633,2863995,4970569,Rec
1837203,3460517,5113033,2514331,4217745,Rec
1939399,3620019,5542303,2615499,4452037,Rec
1585673,2666611,4343935,2011223,3408063,Rec
1563447,2685085,4307453,2004021,3387943,Rec
1544831,2606447,4193315,1967653,3310249,Rec
1533999,2613917,4258317,1965259,3344405,Rec
1662743,2828679,4652657,2131481,3651419,Rec
1198475,1970261,3309695,1541967,2688915,Rec
1374257,2300009,3902967,1624011,2828239,Rec
1609377,2733961,4418807,2058095,3476699,Rec
1266707,2196139,3679853,1707525,2883193,Rec
1246891,2991511,4580341,2012849,3687679,Rec
1184947,2883071,4455711,1928593,3559595,Rec
1134945,2862873,4327215,1873039,3484617,Rec
1289949,3055571,4731951,2057157,3788183,Rec
1078173,2585963,4088375,1780401,3373411,Rec
2765909,4788745,7576695,3576417,6020311,Rec
2741939,4715965,7540671,3531605,5964749,Rec
2778969,4821227,7653429,3606523,6085769,Rec
2756145,4764669,7475269,3555407,5950803,Rec
2742389,4737617,7475271,3537237,5931961,Rec
710435,1222731,1770695,915545,1462221,Rec
661213,1176673,1727717,878511,1419577,Rec
695549,1246383,1905889,922775,1537683,Rec
717917,1223591,1739403,916653,1440541,Rec
529741,933637,1309987,700713,1105923,Rec
599469,1058073,1490489,779437,1226927,Rec
871411,1586787,2605733,1165395,2041533,Rec
722273,1298261,2181889,985287,1732829,Rec
597585,1059865,1795675,809565,1445459,Rec
818497,1472645,2347899,1085293,1858687,Rec
802803,1454013,2321221,1068957,1837025,Rec
695803,1245553,2016615,914499,1598223,Rec
859291,1270391,1993439,1032229,1655977,Rec
718671,1337649,2147889,956461,1671853,Rec
707993,1278643,2048807,935919,1612445,Rec
848197,1274525,2003449,1000245,1594471,Rec
969079,1899663,3363037,1360885,2562695,Rec
855435,1676285,3081025,1220197,2341901,Rec
854071,1667387,2822241,1251891,2182527,Rec
812425,1474999,2701279,1100567,2066079,Rec
730599,1327143,2180615,977683,1758971,Rec
1216673,2035927,2975331,1536459,2425643,Rec
1284867,2154243,3202361,1628177,2606995,Rec
1661213,2767051,4349445,2064493,3421747,Rec
1244195,2063239,3286415,1539551,2592215,Rec
1498495,2531209,3901737,1910029,3131779,Rec
1067483,1776395,2829877,1288249,2173029,Rec
1858655,3207519,4892833,2399787,3938641,Rec
1939323,3333175,5068857,2493577,4078709,Rec
1848535,3185113,4855231,2384227,3910515,Rec
2108101,3634265,5644909,2717163,4510669,Rec
2108605,3639187,5651697,2721411,4516835,Rec
1826159,3008487,4714357,2267789,3881053,Rec
1318611,2166279,3131773,1644669,2574533,Rec
1451233,2384577,3464519,1811681,2832175,Rec
1031871,1762875,2633729,1324439,2137911,Rec
1106937,1849361,2789173,1399173,2252173,Rec
1274867,2165677,3327089,1641811,2692819,Rec
1054939,1739447,2740257,1279457,2137155,Rec
1921969,3345799,5095769,2503629,4128795,Rec
1942685,3410195,5229901,2536967,4198403,Rec
1550095,2733197,4487999,1958603,3365777,Rec
2108547,3752581,5884137,2777901,4691325,Rec
2000775,3573687,5554255,2642201,4442159,Rec
1966447,3454253,5401555,2539155,4280867,Rec
1359101,2267181,3389847,1716115,2750617,Rec
1311853,2185097,3201693,1657817,2619759,Rec
1350543,2327925,3501149,1731897,2819243,Rec
1286179,2075751,2978599,1593083,2457717,Rec
1455119,2301787,3395703,1778283,2770729,Rec
1674743,2746677,4295167,2099497,3439351,Rec
1462927,2373509,3816155,1899027,3131271,Rec
1521107,2494099,3847401,1899077,3082695,Rec
1351471,2199389,3429205,1690727,2761891,Rec
1493227,2472539,3932549,1880855,3118943,Rec
1389219,2217805,3544701,1774357,2966739,Rec
1429155,2330005,3381571,1779149,2774153,Rec
1278033,2067753,2953085,1584949,2438973,Rec
744951,1285003,1904577,961603,1550731,Rec
749409,1276169,1789831,960645,1493033,Rec
799245,1379843,2076019,1032259,1678107,Rec
878883,1574355,2618413,1158883,2028935,Rec
818439,1433457,2272735,1068451,1806119,Rec
811891,1440549,2427679,1068153,1887059,Rec
689947,1169709,1953855,851673,1552693,Rec
762403,1351585,2194553,956937,1670071,Rec
847343,1479223,2321571,1004309,1740685,Rec
1261739,1997557,3092545,1544239,2477437,Rec
1641801,2632973,4232431,2023569,3338897,Rec
1466325,2378991,3779181,1820717,2996417,Rec
1283945,2099567,3479045,1650803,2739481,Rec
1168545,1854709,3163995,1392551,2404321,Rec
1464485,2340623,3888831,1801057,3032795,Rec
1230827,1964395,2722549,1511139,2272277,Rec
1216923,1931439,2826605,1488931,2315245,Rec
1357155,2205773,3198933,1687239,2626973,Rec
1121317,1780945,2453841,1366097,2067599,Rec
1276901,2031185,2943571,1567083,2416175,Rec
1325649,2154489,3425471,1614365,2657251,Rec
1511073,2496963,3906911,1899213,3114205,Rec
1314407,2198863,3371219,1668251,2707879,Rec
1218425,1962633,3021145,1497673,2421961,Rec
1320265,2198239,3561845,1667253,2803227,Rec
1016359,1656933,2724449,1313961,2257055,Rec
1322809,2138165,3084405,1621277,2526501,Rec
1435767,2307559,3366377,1771393,2761279,Rec
1521579,2541163,3899393,1926203,3136447,Rec
1385479,2337921,3690065,1724649,2843037,Rec
1919937,3237709,4876839,2457847,3961125,Rec
1860199,3161205,4757685,2377033,3855763,Rec
1858329,3151823,4746739,2374825,3841925,Rec
2122855,3601447,5582603,2715207,4471643,Rec
1989041,3391111,5219109,2544279,4186025,Rec
1851669,3117529,4799941,2332629,3896495,Rec
1964497,3350743,5160527,2520409,4146061,Rec
1830725,2928249,4422529,2242113,3564711,Rec
2055837,3406191,5404801,2593369,4293671,Rec
1702351,2772853,4551301,2138829,3574005,Rec
1931541,3216237,5007725,2441151,4002555,Rec
1919597,3194621,4978091,2422125,3975345,Rec
1739567,2871711,4187499,2187069,3442243,Rec
1748543,2849331,4164721,2168819,3408315,Rec
1888403,3081819,4714879,2353655,3790565,Rec
725545,1287371,2023827,964029,1622591,Rec
748573,1317165,2039277,984447,1656969,Rec
780713,1360431,2193423,1016487,1732729,Rec
859465,1403387,2433941,1069797,1871573,Rec
385831,731195,1225223,532049,979769,Rec
645589,1186977,1817675,866309,1465941,Rec
986517,1852125,3481919,1346795,2591031,Rec
765545,1335507,2448203,1022261,1881797,Rec
887215,1656059,2830657,1208087,2189257,Rec
783597,1498719,2888413,1105083,2042107,Rec
867353,1585531,3052523,1161335,2262413,Rec
686649,1222523,2209391,929993,1725151,Rec
710539,1313995,2087935,940287,1632527,Rec
716009,1242693,2071651,926217,1610407,Rec
806835,1588015,2631965,1154555,1971865,Rec
1597349,2532175,3613123,1947379,2983439,Rec
1576165,2540699,4036413,1949403,3209461,Rec
1613143,2614795,3961973,2007149,3202183,Rec
1931809,3130885,5080829,2408735,4008905,Rec
1669745,2654467,4454275,2222997,3854245,Rec
1756759,2902725,4675195,2204439,3689587,Rec
1733615,2851903,4660801,2178221,3657579,Rec
1538647,2533901,4151045,1940869,3325819,Rec
1918779,3286473,4915705,2466613,3989479,Rec
1911867,3292087,4942335,2465523,4003935,Rec
1940475,3301019,5004363,2485333,4046681,Rec
1936243,3272479,3801743,2457271,3827671,Rec
1994071,3433215,5269703,2568475,4230177,Rec
2128561,3732515,5846509,2776515,4663445,Rec
1788703,3018987,4704267,2300175,3885605,Rec
2032557,3560099,5565111,2649953,4443935,Rec
1746431,3036495,4868307,2314663,3973509,Rec
2014037,3512663,5478331,2618031,4373909,Rec
1875857,3362357,5334519,2522511,4216473,Rec
1942535,3325223,5083341,2491057,4088573,Rec
1109785,1703231,2559851,1343011,2072711,Rec
1067629,1650695,2747603,1285231,1998849,Rec
1047233,1502845,2058245,1221657,1748525,Rec
1237585,1667417,1669501,1330159,1339485,Rec
1529091,2446355,3872743,1883609,3078773,Rec
1260419,1997971,3248233,1581437,2667413,Rec
1342335,2157783,3339175,1659505,2670771,Rec
1329641,2095199,3167493,1519807,2464495,Rec
1318403,2084343,3335277,1613211,2637067,Rec
1105215,1715463,2971099,1280243,2247707,Rec
1607703,2593545,3961291,1984191,3188841,Rec
1612295,2576101,3737845,1952281,3040467,Rec
1643849,2717323,4176943,2067009,3347431,Rec
1685071,2729983,4138137,2090703,3340967,Rec
1555837,2522969,3641645,1929281,2994681,Rec
1844551,3074133,4817363,2326861,3839917,Rec
1768133,2919719,4594861,2218757,3654001,Rec
1603113,2586881,4026197,1969207,3253007,Rec
1758149,2940315,4633889,2221777,3683779,Rec
1169479,1942243,3151577,1486883,2575671,Rec
1404745,2349579,3544007,1778553,2862941,Rec
1432669,2375585,3605723,1812749,2921941,Rec
1395099,2360397,3541587,1778279,2869533,Rec
1394239,2369361,3563021,1781239,2884649,Rec
1740223,2961543,4631019,2206503,3667043,Rec
1724427,2948127,4628675,2231395,3707959,Rec
1623545,2782301,4292245,2076385,3432007,Rec
1073845,1800845,2809581,1434551,2392167,Rec
1063839,1801327,2869045,1388151,2348655,Rec
1323607,2155567,3412461,1647465,2708331,Rec
633651,1849431,2817549,1203411,2256483,Rec
633541,1825807,2769993,1166447,2231561,Rec
621847,1798425,2844063,1150459,2252149,Rec
769117,2123989,3389187,1354625,2675989,Rec
522307,1550803,2435249,1019059,1999371,Rec
448921,1454807,2450189,934705,1934653,Rec
781435,2412993,3754267,1518671,3000707,Rec
1433167,2468691,3738433,1846367,3017757,Rec
1433127,2459161,3717897,1843943,3003651,Rec
1427713,2416449,3602091,1820657,2925805,Rec
1373217,2325235,3469087,1768381,2860987,Rec
1441345,2403867,3643119,1819739,2939321,Rec
1517093,2539501,3905611,1920835,3137839,Rec
1518791,2553205,3907695,1925891,3138401,Rec
1549883,2673041,4091075,2001473,3293751,Rec
1486139,2570747,3886767,1919709,3138851,Rec
1428013,2388459,3568777,1808969,2907755,Rec
1276767,2104473,3270489,1603681,2621129,Rec
1121861,1771351,2896083,1382333,2295785,Rec
1521279,2550373,3865503,1926857,3118317,Rec
2498133,4328061,6723981,3237445,5380315,Rec
2402933,4202651,6597297,3136189,5264231,Rec
2477503,4279487,6666313,3206467,5330811,Rec
2490099,4327351,6706747,3229613,5366653,Rec
2458559,4289145,6632541,3201993,5318409,Rec
2509727,4324093,6755417,3241331,5398067,Rec
2503927,4331111,6761139,3239747,5397207,Rec
2040283,3860927,6032347,2809887,4833439,Rec
1846023,3295011,5367261,2289463,4046773,Rec
2234291,3875487,5482187,2902355,4567903,Rec
1964933,3695029,5518195,2688183,4493639,Rec
1470101,2573241,4074775,2097205,3513945,Rec
2297799,4087915,6228311,3030259,5026343,Rec
1973585,3543727,5397579,2867181,4580111,Rec
2295165,3934967,5647509,2955173,4672059,Rec
1786315,3093771,4795453,2305737,3833017,Rec
1469293,2536441,3959133,1813409,3041387,Rec
1660417,2874281,4415011,2144909,3544289,Rec
1562859,2739925,4273303,1991009,3355777,Rec
1634355,2843647,4395435,2127615,3535311,Rec
1438763,2481589,3934365,1906203,3159501,Rec
1606383,2740531,4152801,2061379,3353953,Rec
1590353,2720809,4114429,2043489,3324987,Rec
1589205,2719731,4111371,2041059,3323669,Rec
1530673,2580597,3882775,1947509,3149713,Rec
1510365,2583863,3862493,1937719,3134423,Rec
715135,2279769,3741725,1421303,2931673,Rec
578127,1725193,2914469,1139923,2364343,Rec
689493,2110193,3352737,1327617,2653643,Rec
575255,1681161,2699315,1130847,2225305,Rec
677515,1795631,2722979,1187107,2198977,Rec
676799,1694973,2573843,1137443,2098421,Rec
768955,2063209,3439695,1349707,2682107,Rec
586867,1605567,2724087,1037133,2092995,Rec
719001,1945727,2994471,1266285,2399515,Rec
660993,2082823,2965687,1303141,2456019,Rec
660177,2039727,2996269,1282897,2449753,Rec
625091,1770417,2675991,1138289,2163277,Rec
710059,1923365,2695277,1253123,2242821,Rec
1742691,2911345,4536873,2201697,3622477,Rec
1374427,2258485,3669379,1784769,2984399,Rec
1602293,2673653,4125095,2024415,3313525,Rec
1593439,2653589,4125717,2009511,3290341,Rec
1613153,2661717,4194261,2017621,3331597,Rec
1436227,2377007,3524731,1804711,2867079,Rec
1518541,2558583,3908933,1926425,3143137,Rec
1590923,2698453,4161043,2026549,3327799,Rec
1519179,2648655,4250571,1956367,3301589,Rec
1754989,3021673,4763365,2263209,3789807,Rec
1642293,2827105,4425697,2119193,3534301,Rec
1621503,2800585,4383559,2094205,3493007,Rec
1770041,2935575,4579463,2228469,3651339,Rec
1497461,2582617,4079269,2128743,3498937,Rec
1620257,2696327,4159203,2040981,3331343,Rec
1372775,2248211,3514825,1724711,2854623,Rec
1607665,2669651,4191573,2024931,3336529,Rec
1746787,3021519,4736457,2250977,3763359,Rec
1614041,2781949,4335071,2078985,3454127,Rec
1615821,2782203,4373431,2077747,3474035,Rec
1230711,2086181,3352213,1546369,2640003,Rec
1315863,2266173,3552235,1526989,2559709,Rec
1576151,2742593,4257181,1916451,3188835,Rec
1480693,2490811,3786275,1874515,3049585,Rec
1460093,2482685,3768703,1869311,3041903,Rec
1590597,2693785,4133933,2032871,3323645,Rec
1584163,2678743,4109281,2017161,3301439,Rec
1595041,2601729,3929153,1989189,3178723,Rec
1456209,2397167,3561789,1820483,2895207,Rec
1703843,2821537,4447467,2201053,3629515,Rec
1612653,2685709,4175795,2031855,3335001,Rec
1617923,2717637,4207397,2054565,3369307,Rec
1452303,2387131,3533545,1817437,2880963,Rec
317403,684321,908709,469453,759823,Rec
259395,614275,711041,414509,641059,Rec
310337,653941,772553,452595,684341,Rec
229703,490717,580165,341285,520547,Rec
276689,567133,637737,393769,572231,Rec
320387,626899,1056739,464643,835453,Rec
1677513,2947145,4459625,2190369,3603603,Rec
1487349,2616421,4026337,1941743,3209009,Rec
1666617,2975939,4402195,2199623,3586517,Rec
1657127,2970263,4425667,2192419,3597061,Rec
1681123,2943693,4445699,2190245,3593615,Rec
1671173,2965759,4437873,2197603,3600245,Rec
1659947,2922759,4431609,2178037,3581757,Rec
1438465,2697199,3838551,1962967,3179251,Rec
1688061,3021223,4648507,2232629,3732919,Rec
1675917,3032701,4598181,2229989,3710999,Rec
1692665,3015893,4607371,2229837,3710811,Rec
1532341,2671685,3992471,1990617,3228795,Rec
1316995,2400935,3687519,1738977,2933347,Rec
1404021,2761857,4508739,1976057,3539067,Rec
1561261,2779669,4428153,2057757,3513799,Rec
1146715,2128739,2815389,1575085,2426019,Rec
1369023,2677555,4396943,1919793,3444819,Rec
1459473,2575437,3941037,1896925,3137223,Rec
1763943,3124841,4976841,2331121,3928227,Rec
1814215,3117201,4483671,2336215,3695109,Rec
1847169,3229023,5083283,2398567,4056373,Rec
1774277,3115053,5045757,2314201,3971043,Rec
1776137,3093039,4625543,2324379,3788279,Rec
1676777,3023295,4413773,2275313,3687583,Rec
1756301,3048203,4794071,2228315,3651097,Rec
1891603,3416703,5242793,2514809,4222189,Rec
1921771,3345241,5008307,2496759,4061089,Rec
1903859,3372585,5045281,2501057,4094877,Rec
1680373,2812859,4311291,2131245,3468469,Rec
1555063,2515489,3866109,1808295,2980479,Rec
1668247,2791493,4269769,2109431,3429033,Rec
1560845,2621135,3979135,1979243,3210521,Rec
1339253,2221517,3433967,1599389,2593325,Rec
1397963,2314541,3416453,1758747,2787625,Rec
1497961,2460393,3650489,1873431,2972855,Rec
1483683,2441789,3588749,1859455,2932877,Rec
1376101,2290407,3350455,1737861,2744081,Rec
1390259,2315779,3404849,1755165,2781513,Rec
1494133,2601351,4220339,1953375,3343537,Rec
1401949,2425597,3818545,1802581,3020409,Rec
1033551,1841869,2956487,1444429,2427545,Rec
1430169,2458245,3869949,1839205,3080403,Rec
1427885,2425399,3940399,1824403,3099151,Rec
1145797,1999579,3264969,1629803,2774439,Rec
1093679,1861261,3065641,1410845,2475837,Rec
1388387,2317811,3422753,1756567,2793505,Rec
1414015,2348973,3357799,1790051,2773867,Rec
1461759,2478527,4062779,1865433,3181297,Rec
1458083,2452025,3988561,1856597,3142541,Rec
1321405,2294277,3683891,1712123,2904623,Rec
1343123,2227045,3505101,1689987,2788627,Rec
1345251,2232877,3507809,1694655,2794717,Rec
1171725,1923809,2987859,1449601,2420117,Rec
1180307,1962037,3009869,1489881,2419067,Rec
867633,1428153,2273367,1152089,1914749,Rec
967107,1565639,2263747,1216793,1878031,Rec
979231,1519751,2184401,1191787,1853983,Rec
1151825,1823881,2743335,1411825,2225161,Rec
1156389,1834559,2753761,1414283,2231107,Rec
946867,1547559,2244523,1180865,1842439,Rec
1420127,2349875,3799171,1786453,2993411,Rec
890343,1441219,2119871,1116435,1746243,Rec
1177099,1856751,2818047,1436931,2272093,Rec
1225493,2031033,3230249,1540717,2563015,Rec
1049673,1723079,2824789,1359285,2263545,Rec
1401637,2306805,3710127,1746105,2925721,Rec
880113,1368877,1959689,1063271,1620021,Rec
905987,1255217,1739705,1014971,1465087,Rec
878927,1464025,2052969,1062115,1627695,Rec
1023997,1649523,2435137,1268779,1986991,Rec
1008865,1625209,2396323,1240425,1956609,Rec
866455,1393379,2074135,1075047,1687221,Rec
1298947,2181233,3647503,1650967,2842805,Rec
1322063,2082887,3355033,1654323,2735629,Rec
1131533,1840925,2946345,1407227,2332511,Rec
1057557,1763811,2752653,1334923,2195445,Rec
896597,1358859,1951305,989949,1560351,Rec
1240719,2101787,3159361,1586741,2588913,Rec
1263189,2055447,2145113,1606895,2111063,Rec
1340111,2075365,2235845,1616169,2260175,Rec
1228677,2599657,3159069,1811805,2792243,Rec
1158613,1994839,3440327,1487107,2638311,Rec
1137545,1893421,2947413,1435693,2353845,Rec
1269677,2047155,3396447,1568817,2677479,Rec
1438041,2560977,4022185,1901537,3217381,Rec
1430913,2456863,3822843,1853329,3058337,Rec
1245821,2144511,3065071,1608307,2533447,Rec
1196377,2024237,3242001,1536051,2560679,Rec
1343751,2349451,3644295,1749989,2919295,Rec
1318833,2292019,3408603,1757321,2840173,Rec
1552467,2472673,3855481,1905799,3076877,Rec
1392675,2281815,3736391,1719595,2908767,Rec
1531773,2488979,3775429,1903571,3046479,Rec
1093277,1761315,2613309,1353727,2164723,Rec
511043,337863,259019,-1,-1,Rec
1085841,1698959,2618931,1317411,2093363,Rec
1057649,1696925,2334897,1311879,1987055,Rec
1347111,2174731,3561893,1677585,2812183,Rec
1348923,2171095,3353637,1683007,2645313,Rec
1333921,2221995,3329811,1689545,2671561,Rec
2727435,4797401,7539151,3568971,6010429,Rec
1235203,2714865,3972667,1869741,3250665,Rec
1237209,3097305,4614081,2055889,3781543,Rec
1071053,2852707,3898413,1887379,3315037,Rec
1297133,3270863,4521699,2154125,3792409,Rec
1030889,2298723,3732009,1633291,2977479,Rec
869361,1483879,2889589,1087809,2104097,Rec
898613,1528067,2946365,1120691,2149779,Rec
976119,1658999,2891831,1218105,2187363,Rec
871969,1490323,2614357,1093301,1976045,Rec
1367857,2395733,3976695,1738113,3056341,Rec
894919,1462319,2788107,1089867,2046127,Rec
906133,1545077,2716367,1134209,2047063,Rec
1134479,2024143,3424007,1455741,2615651,Rec
962371,1646807,2886951,1206425,2177769,Rec
891185,1417615,2535043,1061447,1889385,Rec
871335,1616961,2981605,1142549,2194435,Rec
1014493,1733079,2967987,1269107,2258321,Rec
1473349,2528719,4392079,1835427,3306093,Rec
925957,1718551,3164321,1223193,2345985,Rec
1365153,2405241,4044733,1741295,3094869,Rec
1176119,2166373,3504409,1543803,2716951,Rec
1029685,1875561,3180855,1344681,2428665,Rec
1038937,1886735,3172003,1352001,2430285,Rec
1039413,1767453,3030183,1297803,2304275,Rec
1214433,2115779,3487363,1538651,2689779,Rec
1008349,1730301,2917335,1266089,2231993,Rec
954805,1600067,2728715,1180813,2080227,Rec
1001953,1718299,2947061,1258691,2238989,Rec
1051385,1788765,3021939,1312375,2312017,Rec
1324147,2309699,3910583,1682137,2989387,Rec
1006411,1710121,3016115,1257595,2272625,Rec
1344265,2300673,3855597,1731141,3029467,Rec
545041,943371,1549715,697597,1172783,Rec
559085,905601,1216261,679327,1022593,Rec
1338549,2322969,3931675,1694155,3005095,Rec
1390885,2404253,4083357,1753435,3117081,Rec
1474067,2448443,4047545,1813013,3119183,Rec
1505609,2518805,4140693,1858013,3199291,Rec
958323,1613425,2977113,1187399,2205035,Rec
1446609,2449355,4052293,1803993,3123173,Rec
841431,1420345,2638353,1044661,1954549,Rec
851563,1434843,2971477,1053727,2077223,Rec
970695,1648535,2896231,1206921,2182269,Rec
832895,1515375,2871771,1088085,2113451,Rec
859863,1456041,2683607,1038131,1935035,Rec
1007075,1721031,3002291,1262685,2269883,Rec
1012295,1729471,2946813,1267139,2247781,Rec
986901,1676249,3016811,1230949,2256015,Rec
1432871,2451849,4190161,1794345,3191117,Rec
1001127,1691211,2960873,1243703,2233465,Rec
1014641,1721011,3045225,1264075,2287601,Rec
870045,1479429,2495375,1084067,1909297,Rec
1063219,1804231,3097747,1326243,2356541,Rec
907315,1584445,2829799,1148203,2114223,Rec
1500751,2512795,3966785,1852257,3107753,Rec
1572361,2691877,4633921,1970767,3505453,Rec
1387311,2341471,3831527,1720707,2958273,Rec
934349,1546291,2922465,1145205,2147603,Rec
1601651,2775521,4624565,2020885,3550029,Rec
847369,1492437,2833097,1077549,2075277,Rec
879049,1415181,2840967,1059677,2045823,Rec
1434361,2412063,4031971,1775877,3091753,Rec
1012461,1736111,3002827,1270301,2277705,Rec
1248609,2056101,3536827,1523429,2682033,Rec
1425523,2407189,4156453,1770789,3145177,Rec
1036779,1756537,3024955,1292917,2289395,Rec
1418437,2437041,4135027,1780741,3160259,Rec
1397389,2388517,4005995,1756871,3084469,Rec
1018999,1687955,3003941,1261165,2254249,Rec
1433571,2445563,3931603,1790963,3059077,Rec
917235,1635605,2900489,1182145,2181535,Rec
1334307,2297519,3711801,1678541,2886537,Rec
1356047,2275519,3867175,1680949,2949311,Rec
1302489,2251721,3857417,1645189,2937509,Rec
1031957,1754467,3011073,1288721,2291257,Rec
994785,1688899,2919793,1243199,2216237,Rec
1486789,2511701,4124283,1846389,3189405,Rec
1494531,2544605,4310483,1867783,3293285,Rec
1233823,2148435,3552479,1562623,2740465,Rec
1465617,2554497,4218399,1860273,3252271,Rec
1010513,1700091,2938551,1254191,2229255,Rec
1473919,2558863,4470539,1864451,3377551,Rec
954885,1626469,2923557,1194469,2184447,Rec
1057875,1727947,3273053,1285243,2412855,Rec
1306503,2233821,3640965,1638611,2822011,Rec
1560367,2690339,4551541,1966201,3478099,Rec
1136647,1880097,3443843,1395529,2559995,Rec
1581921,2486855,3888315,1876499,3053059,Rec
1410857,2353767,3743895,1738769,2926635,Rec
973955,1646857,2674597,1209955,2077273,Rec
1510381,2567341,4419177,1882113,3351749,Rec
1181553,2207119,3731117,1567497,2846599,Rec
1647563,2943563,4895361,2124225,3763957,Rec
908375,1562747,2759067,1141609,2076107,Rec
1066823,1794539,3056407,1324571,2334111,Rec
1534709,2654239,4373685,1935729,3375581,Rec
960229,1515691,3319533,1143263,2328457,Rec
1009673,1667703,3165669,1235649,2317571,Rec
1021621,1773805,3093381,1293467,2337909,Rec
1042609,1742221,2901653,1285623,2229179,Rec
1370457,2362305,3958213,1725205,3035651,Rec
1712099,3033169,5017691,2199075,3872509,Rec
1241367,2112383,3523435,1550781,2707069,Rec
1080971,1813463,3160597,1335857,2391445,Rec
992171,1687191,2921039,1239825,2212955,Rec
1277963,2221299,3706301,1618163,2847965,Rec
1532361,2665651,4525489,1940477,3454287,Rec
1647215,2937395,4850539,2121121,3740571,Rec
1036245,1786123,3073939,1306755,2334513,Rec
1165967,2006091,3358193,1464981,2577255,Rec
1089047,1806825,3134469,1338815,2374489,Rec
1687879,2938081,4835451,2138037,3733291,Rec
1015709,1732041,3078805,1269175,2312351,Rec
1434241,2463197,4183625,1799263,3193183,Rec
1594179,2823185,4659323,2043397,3594049,Rec
1360933,2312183,3858383,1695837,2963627,Rec
1034039,1768899,3033403,1295713,2306071,Rec
1136409,1892511,3347191,1398731,2518401,Rec
1345897,2298929,3828905,1685563,2943261,Rec
1247953,2121401,3634235,1558569,2766097,Rec
1150955,1983387,3364599,1449367,2569035,Rec
1075757,1828859,3199513,1344447,2415743,Rec
1391683,2326927,3816705,1718681,2950949,Rec
1179613,2048511,3434371,1499263,2640181,Rec
1212035,2070381,3430293,1517713,2641575,Rec
1213147,2069525,3428727,1517925,2641299,Rec
1726795,3075065,5111149,2223665,3933811,Rec
1726321,3073295,5103589,2219259,3927609,Rec
1143175,1892429,3182735,1401803,2437873,Rec
1144393,1929385,3245267,1422719,2487261,Rec
1110765,1934919,3308345,1407413,2520211,Rec
1217725,2114607,3524279,1542423,2709653,Rec
1626803,3181729,5865363,2221555,4347861,Unknown
1908977,3566589,6163493,2532033,4673949,Unknown
1296695,2163389,3581217,1595907,2758575,Unknown
1720257,3276803,4963823,2311875,3958921,Unknown
1348815,2180627,3622463,1626109,2788047,Unknown
675661,1494065,3386037,1005931,2360503,Unknown
2430535,4509017,7536343,3218441,5795253,Unknown
2366791,4365349,7343143,3215767,5805063,Unknown
51791,124789,153871,76877,120085,Unknown
1375775,2456333,4235869,1975367,3442577,Unknown
11249,86361,125503,44743,93475,Unknown
474443,811975,1391267,634369,1118423,Unknown
2065221,3945509,6689041,2790745,5124601,Unknown
38581,108649,145181,70489,122483,Unknown
51735,137817,172997,75823,114521,Unknown
47139,106711,137871,72325,120543,Unknown
1302257,2612647,4679009,1818979,3515951,Unknown
377693,479663,1350533,367311,844433,Unknown
783099,1542965,2757199,1080519,2076263,Unknown
-1,-1,-108407,-1,-1,Unknown
21027,242609,273353,205405,319745,Unknown
-1,-1,-1,-1,-1,Unknown
22785,112181,143095,52909,105861,Unknown
567283,1021239,1717599,737667,1318169,Unknown
421265,705955,1460893,513135,1036455,Unknown
152437,284709,513049,201973,383379,Unknown
75457,102805,101251,76339,131549,Unknown
48329,135291,258385,83981,146873,Unknown
143505,286567,517157,191709,385067,Unknown
-1,-1,-1,-1,-1,Unknown
472005,856437,1375875,614665,1094271,Unknown
1787947,3523831,5631333,1293889,1200049,Unknown
-1,-1,-1,-1,-1,Unknown
60567,79493,130965,89383,135669,Unknown
44713,108837,154693,73753,124837,Unknown
27813,136917,160791,58161,182993,Unknown
482149,858107,1403955,623921,1080797,Unknown
518151,897063,1534285,642185,1153583,Unknown
612165,1083381,1805591,784753,1391063,Unknown
-36197,-54831,-136199,9487,106609,Unknown
46505,103055,150147,70681,115285,Unknown
1135421,1802375,2461533,217295,324497,Unknown
1728105,3483059,5476713,640129,587591,Unknown
31401,92393,131175,40649,88489,Unknown
42571,104957,145255,66523,114705,Unknown
45135,115753,156343,75531,127169,Unknown
467291,819443,1345401,593885,1008729,Unknown
68797,138783,159245,71185,128069,Unknown
45445,190973,391969,155485,259685,Unknown
363239,596251,1958249,522213,1201517,Unknown
-1,-1,-1,-1,-1,Unknown
-1,-1,-1,-87443,-31291,Unknown
-1,-1,-1,-1,-1,Unknown
151517,283469,509949,201399,381525,Unknown
-1,-1,-1,-1,-1,Unknown
46041,102313,147029,71801,121215,Unknown
39801,115193,140557,70741,123643,Unknown
-5219,90139,162847,69023,103639,Unknown
465841,823997,1346725,579353,840397,Unknown
526679,746903,1042303,85909,137813,Unknown
468229,838573,1386553,480359,562769,Unknown
74477,126423,153189,82597,129721,Unknown
72249,135707,151919,80201,117181,Unknown
-1,-1,-1,-1,-1,Unknown
-20959,85687,112861,43865,95775,Unknown
169045,351189,572375,258161,599047,Unknown
1335711,2710955,5076365,1876449,3751631,Unknown
620429,1320867,2566395,900897,1873227,Unknown
1445627,2321865,3807097,1754139,2956375,Unknown
263921,538137,843703,361907,642863,Unknown
178529,362179,570079,250517,448713,Unknown
1264073,2116383,3571177,1560935,2734335,Unknown
1285357,2218001,3723925,1620457,2855575,Unknown
1288505,2219001,3654761,1621825,2822673,Unknown
1292379,2218601,3705427,1623477,2843755,Unknown
1290415,2144667,3604933,1589691,2763581,Unknown
1323865,2274851,3744251,1661337,2887311,Unknown
1306377,2240745,3755117,1639869,2878925,Unknown
1305085,2237593,3757039,1638265,2878953,Unknown
1308385,2150967,3621389,1597333,2770375,Unknown
1324085,2270561,3774125,1660227,2900893,Unknown
1287961,2134887,3582365,1583355,2746229,Unknown
1323565,2247273,3742329,1652477,2877237,Unknown
1314081,2178133,3646291,1611879,2794929,Unknown
1294251,2153339,3594095,1596191,2764479,Unknown
1317915,2247917,3722105,1648021,2865573,Unknown
1285357,2199453,3628867,1610131,2798441,Unknown
1326261,2250711,3708017,1651169,2860417,Unknown
1252185,2068967,3450647,1533445,2649033,Unknown
1259225,2102131,3494889,1553535,2687091,Unknown
1297683,2139283,3544411,1588051,2729217,Unknown
1296451,2145463,3547743,1588767,2732527,Unknown
1309107,2226951,3669851,1632243,2828467,Unknown
1277935,2108805,3514465,1565573,2698229,Unknown
1304201,2165725,3574071,1603419,2755731,Unknown
1312169,2165621,3595055,1608165,2771247,Unknown
1302101,2157511,3597793,1597821,2762723,Unknown
1327723,2275317,3756559,1665971,2896999,Unknown
1282449,2110701,3539025,1566385,2708191,Unknown
1290817,2118469,3525783,1574701,2710615,Unknown
1312765,2227003,3699319,1634661,2845119,Unknown
1315523,2228303,3723423,1636159,2855793,Unknown
1297327,2130643,3572169,1583819,2738363,Unknown
1351569,2305359,3831793,1689781,2945361,Unknown
1288451,2118395,3542011,1575995,2719311,Unknown
1272027,2109963,3520109,1561985,2701853,Unknown
1261767,2090127,3464103,1548053,2665461,Unknown
1305335,2212727,3670765,1621377,2820539,Unknown
1270537,2148051,3581579,1578997,2749399,Unknown
1295203,2139629,3573709,1585327,2740027,Unknown
1299217,2192907,3649993,1616015,2810181,Unknown
1302451,2157143,3583847,1597409,2753783,Unknown
1303821,2154501,3592287,1597737,2758989,Unknown
1354811,2294931,3804419,1685115,2927117,Unknown
1308803,2164975,3579701,1603581,2757969,Unknown
1306327,2222813,3698781,1629495,2842557,Unknown
1307687,2233801,3736541,1635489,2867675,Unknown
1298669,2132891,3575465,1581205,2732641,Unknown
1303343,2145209,3587761,1592827,2750441,Unknown
1319759,2257477,3727541,1648833,2869451,Unknown
1331309,2275163,3756037,1665259,2892323,Unknown
1274211,2111413,3513253,1564539,2700155,Unknown
1286441,2122661,3557359,1575897,2728987,Unknown
1288483,2117311,3511433,1572397,2702573,Unknown
1302569,2127909,3569481,1584993,2736689,Unknown
1306143,2209103,3723589,1623447,2848803,Unknown
1289531,2120699,3534163,1575371,2715037,Unknown
1345905,2286693,3824149,1677941,2933329,Unknown
1291731,2177319,3624269,1601965,2784907,Unknown
1297237,2143669,3599607,1591989,2760295,Unknown
1262623,2150395,3598089,1583573,2767645,Unknown
1225857,2092457,3596499,1545375,2727085,Unknown
1113941,1910041,3208113,1417019,2493955,Unknown
1254857,2213345,3672899,1601741,2815481,Unknown
1291645,2281203,3786785,1651149,2917203,Unknown
1288709,2188175,3659145,1612183,2815283,Unknown
1246987,2110875,3550163,1559825,2729891,Unknown
1303769,2195765,3683815,1617423,2821957,Unknown
1307555,2297513,3822675,1667819,2942847,Unknown
1233113,2130155,3628879,1593459,2820985,Unknown
1266129,2240423,3720705,1621385,2860931,Unknown
1313157,2300183,3792221,1669523,2923421,Unknown
1165743,1986225,3447951,1459359,2618069,Unknown
1292737,2264381,3788745,1641923,2898711,Unknown
1311445,2219897,3707487,1632509,2849951,Unknown
1288635,2252983,3746775,1637395,2880833,Unknown
1185009,2048503,3512105,1541881,2760449,Unknown
1214865,2122969,3631895,1567479,2795125,Unknown
1256479,2147837,3577801,1577259,2755871,Unknown
1268705,2159483,3616505,1592975,2785483,Unknown
1284687,2239051,3746497,1627749,2875059,Unknown
1268437,2145051,3615597,1579171,2768007,Unknown
1120723,2028725,3499671,1562129,2776027,Unknown
1251069,2176813,3675759,1618775,2863167,Unknown
1255541,2132049,3595149,1572923,2760215,Unknown
1262565,2227305,3745637,1614381,2869571,Unknown
1292857,2246749,3751233,1639733,2895211,Unknown
1241771,2115055,3552207,1544989,2734269,Unknown
1314695,2315487,3862905,1678661,2966043,Unknown
1271153,2131481,3624969,1588521,2786323,Unknown
1235913,2213485,3741769,1613127,2899445,Unknown
1238141,2153165,3636195,1572321,2797061,Unknown
1251887,2123323,3558457,1559275,2727195,Unknown
1239637,2107205,3504047,1544595,2694105,Unknown
1253519,2102191,3556163,1552013,2719717,Unknown
1319179,2308109,3891805,1674729,2976429,Unknown
1249285,2112917,3527775,1554271,2710717,Unknown
1282229,2243389,3734687,1627109,2867977,Unknown
1276229,2166955,3611579,1590847,2774213,Unknown
1220529,2012797,3472639,1476919,2615261,Unknown
1252281,2120429,3566415,1560595,2732685,Unknown
1251047,2146143,3556285,1570395,2735331,Unknown
1126521,1904449,3252427,1245849,2160857,Unknown
1260315,2198729,3672365,1600231,2819911,Unknown
1291139,2182551,3642923,1603461,2796673,Unknown
1269403,2148281,3601345,1578193,2760111,Unknown
1279813,2241171,3727861,1626121,2864925,Unknown
1273095,2157965,3573329,1585547,2752353,Unknown
1240827,2158615,3606471,1575905,2778245,Unknown
1268405,2132441,3614871,1571533,2761097,Unknown
1231273,2090243,3501347,1530513,2678637,Unknown
1261427,2129931,3572841,1565769,2737911,Unknown
1303183,2281371,3776413,1655185,2906941,Unknown
1223427,2055201,3487581,1536899,2692893,Unknown
1297475,2269917,3795071,1649053,2912943,Unknown
1279331,2246069,3716205,1631395,2864885,Unknown
1250897,2214589,3698753,1601609,2838573,Unknown
1278867,2255253,3746881,1635117,2879773,Unknown
1281451,2161949,3612783,1585991,2759645,Unknown
1267649,2180353,3657751,1560689,2746443,Unknown
1967309,3204987,7114113,2392449,4976443,Unknown
2028275,3232553,6990047,2429091,4916983,Unknown
1970257,3150509,7075623,2366245,4928971,Unknown
2032993,3074147,7528493,2359143,5118535,Unknown
1975255,3083853,6791309,2339463,4737297,Unknown
2036775,3071825,7403909,2360733,5048413,Unknown
2061161,2999393,7155563,2332983,4888749,Unknown
1944633,3023091,7166655,2294467,4912877,Unknown
1891809,3106873,6777231,2312599,4735817,Unknown
1969647,3050241,7241407,2323169,4964831,Unknown
1911929,2943045,6991913,2242603,4789891,Unknown
2051787,2990307,7317543,2328983,4972603,Unknown
1998811,3035703,7098629,2328257,4888213,Unknown
1938963,2982809,6652877,2286245,4677653,Unknown
1981303,3114843,7488465,2355071,5112247,Unknown
2008093,3094739,7064551,2357893,4904429,Unknown
1922059,3166457,8388121,2361675,5739507,Unknown
2289579,4008331,7610449,2902289,5551433,Unknown
1798057,2743493,7720789,2078683,5008083,Unknown
1910341,2811041,7589145,2191637,5017773,Unknown
1642647,2545185,6524115,1935959,4380995,Unknown
1986019,3010893,7229727,2313881,4922831,Unknown
2085401,3139831,7260703,2411723,5006657,Unknown
2002291,3061947,7200483,2339931,4947061,Unknown
1862319,3127505,7235567,2306567,4995207,Unknown
2019281,3210385,7836225,2416261,5330033,Unknown
2011915,3014341,7337121,2311887,4960719,Unknown
2003383,3049599,7113007,2338379,4900161,Unknown
2055767,3052327,7344279,2357423,5014801,Unknown
2013895,3090643,7145195,2357203,4928725,Unknown
1077451,1785643,3109817,1320751,2351153,Rec
1052625,1748347,3028651,1288915,2283513,Rec
1739425,2926135,4966239,2153265,3789271,Rec
1642413,2833577,4663775,2055023,3585675,Rec
1653071,2856789,4738421,2085377,3644855,Rec
1101903,1791581,3238939,1335017,2418087,Rec
1129473,1802043,3246809,1350933,2423027,Rec
1027619,1730919,2967295,1278423,2259049,Rec
1083469,1794675,3060609,1325285,2329833,Rec
1031717,1725053,2895319,1274803,2218821,Rec
1021369,1714395,3011889,1253155,2254719,Rec
954893,1584163,2755161,1173403,2083197,Rec
1014107,1648931,2929747,1228271,2199397,Rec
1021203,1710313,2979513,1256219,2242609,Rec
1376521,2233683,3759989,1670019,2870689,Rec
1440625,2360171,4009603,1754209,3057067,Rec
1424717,2382281,3863707,1760119,2999223,Rec
1349643,2236383,3746371,1659161,2878163,Rec
1037119,1717913,3033101,1261719,2272673,Rec
1192453,2016419,3383849,1482097,2592557,Rec
1566033,2624363,4159763,1935081,3253857,Rec
1564517,2610823,4218409,1928853,3277703,Rec
1191417,1954545,3246799,1449103,2497923,Rec
1201903,1992295,3379583,1476783,2570487,Rec
1579253,2726443,4487095,1991211,3462819,Rec
1602517,2750957,4523827,2012439,3491107,Rec
1116383,1844059,3161823,1366989,2403471,Rec
1115211,1835097,3159411,1366333,2400789,Rec
1200101,2021175,3340711,1491293,2579345,Rec
1200855,2043927,3389665,1503159,2620033,Rec
1533489,2577653,4331331,1899295,3316361,Rec
1457591,2559125,4363869,1858197,3325621,Rec
1035071,1715779,2984587,1276201,2269203,Rec
1025293,1744785,3024579,1280411,2288531,Rec
1177111,1877365,3320445,1411797,2499163,Rec
1176623,1882799,3330515,1412861,2505737,Rec
1110605,1905089,3300417,1394289,2500529,Rec
933283,1477835,3276803,1112911,2289073,Rec
1452427,2381489,4064543,1770351,3095511,Rec
1384229,2289247,3749479,1700077,2903689,Rec
1680245,2884355,4767023,2110265,3672045,Rec
1668845,2874751,4749337,2099767,3659649,Rec
1125709,1796819,3023191,1349625,2314493,Rec
1124439,1807397,3140791,1353685,2372149,Rec
1734943,2996249,4935303,2155279,3769415,Rec
1748505,3039723,5015163,2206769,3866515,Rec
1186003,1977237,3300797,1461205,2534241,Rec
1067981,1761157,2984459,1306111,2278399,Rec
1245009,2072341,3487971,1520389,2659323,Rec
1244351,2083809,3330391,1531531,2591557,Rec
1373851,2258241,3691119,1679195,2857457,Rec
1439733,2338153,3925017,1743687,3007163,Rec
1377533,2281191,3903923,1687369,2969635,Rec
1372941,2277655,3900997,1686233,2967683,Rec
1367485,2249765,3878225,1681363,2950945,Rec
1171937,1963867,3257457,1447981,2504211,Rec
1213819,2023449,3420529,1494169,2613159,Rec
1187931,1976453,3277475,1460721,2523303,Rec
1009553,1662777,2912769,1235163,2197465,Rec
994877,1706345,2955013,1249059,2240209,Rec
984349,1670223,2946353,1226691,2217159,Rec
1045847,1688209,3029257,1263547,2265997,Rec
1049413,1687987,3032545,1263865,2267811,Rec
1047875,1682469,2971437,1260885,2237395,Rec
1057019,1652939,2777655,1254613,2135041,Rec
818825,1429059,2427743,1038155,1850411,Rec
832495,1418103,2406103,1029721,1825033,Rec
802979,1393507,2402573,1019755,1820945,Rec
1640477,2812059,4618221,2053753,3560873,Rec
1615547,2825827,4670097,2049735,3591299,Rec
1625863,2796971,4593741,2030541,3517997,Rec
1180197,1978407,3275057,1454931,2516033,Rec
1182495,1982229,3298521,1464115,2537273,Rec
1188291,1995527,3216907,1469421,2501589,Rec
1090399,1777413,3123707,1323645,2353191,Rec
1087749,1749713,3047285,1310755,2304663,Rec
1049239,1722043,2969799,1285733,2257989,Rec
1229129,2042041,3437965,1515699,2645353,Rec
1190351,2077313,3501493,1509831,2678289,Rec
987985,2033589,3299665,1395625,2550645,Rec
992033,2043305,3311875,1399529,2558603,Rec
967793,2617937,3975225,1670571,3171047,Rec
1073025,2596131,4221975,1699357,3270559,Rec
1013065,2494465,4118677,1627355,3175037,Rec
1264449,2186883,3859033,1597127,2905361,Rec
1265169,2189677,3863787,1596069,2906961,Rec
1589507,3083057,5088973,2163507,3921113,Rec
1349867,2279331,4020455,1674919,3025633,Rec
1348471,2283101,4036143,1676551,3035629,Rec
1288167,2202745,3982629,1615783,2973205,Rec
1274005,2186857,3868985,1598755,2909071,Rec
1313117,2238215,3982005,1638633,2988729,Rec
914509,1490375,2638545,1108675,1983107,Rec
909971,1488599,2593879,1101697,1958769,Rec
897123,1475217,2582247,1096613,1950005,Rec
909143,1372087,2785233,1049125,1998773,Rec
876959,1507973,2953495,1104975,2148191,Rec
894287,1351653,2869109,1036383,2030833,Rec
1052903,1648933,2871639,1247247,2169703,Rec
1041603,1633901,2852695,1236623,2152163,Rec
976981,1586845,2719467,1183579,2067633,Rec
948635,1542787,2704121,1151747,2039813,Rec
1474435,2465773,3995665,1820033,3099611,Rec
1293337,2114475,3659783,1577391,2778597,Rec
1380819,2199693,3505997,1653765,2741291,Rec
850349,1388719,2723869,1032095,1977601,Rec
936271,1469015,2864503,1106813,2066717,Rec
897945,1402859,2713965,1061325,1978255,Rec
1349337,2285673,3868401,1678935,2956435,Rec
1331809,2266587,3857701,1669627,2953703,Rec
965417,1583267,2770511,1178491,2096341,Rec
967101,1593115,2791331,1183071,2108513,Rec
1036777,1622873,2953031,1230847,2207183,Rec
1066507,1677897,2964335,1270359,2229463,Rec
959075,1563669,2760999,1163953,2077175,Rec
974809,1587619,2842987,1182683,2127995,Rec
869279,1386085,2887349,1043547,2055331,Rec
842447,1455931,2724079,1062899,2011515,Rec
1429315,2369221,3978179,1753781,3046499,Rec
1405891,2274259,3655063,1691227,2840603,Rec
888643,1486725,2596787,1098733,1963497,Rec
886811,1427829,2456899,1068315,1865705,Rec
1291329,2086613,3418887,1561319,2642819,Rec
1285391,2104697,3496781,1567187,2691141,Rec
1284579,2095893,3584439,1565623,2732649,Rec
1285273,2103373,3489385,1565555,2684771,Rec
1244229,2185143,3488569,1583901,2718023,Rec
1162547,2060055,3393489,1488855,2617637,Rec
1242137,2019411,3146099,1512267,2489165,Rec
902531,1342959,2375361,1032075,1784795,Rec
854349,1408455,2721725,1046177,1985115,Rec
843725,1326741,2397661,1000913,1790819,Rec
1058175,1727231,2963925,1286345,2251461,Rec
994535,1603153,2770719,1198307,2100917,Rec
1472971,2410643,4022663,1793433,3086635,Rec
1349353,2239499,3766405,1658769,2881597,Rec
1003765,1647869,2798981,1223935,2134363,Rec
1454685,2393675,3783549,1768043,2948803,Rec
1441971,2380913,3762151,1760755,2937891,Rec
1493673,2396147,3817039,1803899,2991317,Rec
1045907,1666709,3011627,1259675,2297713,Rec
1038573,1703657,3012899,1266473,2263567,Rec
1004827,1757245,3050247,1273431,2306673,Rec
1043937,1795247,3043665,1312537,2322183,Rec
1002573,1717027,2938745,1255907,2235739,Rec
984331,1839749,3040859,1302391,2341219,Rec
947949,1739701,2912417,1252989,2249675,Rec
1141193,1840551,3199291,1376677,2422587,Rec
1429763,2476799,4237909,1803673,3223845,Rec
1373649,2492885,4154797,1791459,3195149,Rec
1008843,1636993,2808685,1223407,2134135,Rec
1023873,1662409,2882919,1240563,2184081,Rec
1532867,2497845,4179317,1860603,3204923,Rec
1078079,1763915,3010665,1310275,2292499,Rec
988269,1606963,2761863,1197391,2096777,Rec
1137117,1801721,3248451,1357435,2424417,Rec
952389,1565295,2820431,1160939,2107005,Rec
874635,1484487,2750701,1088225,2036711,Rec
985217,1607599,2921361,1197095,2173757,Rec
830789,1386957,2475201,1024079,1855147,Rec
897323,1461427,2785959,1088221,2041291,Rec
1047945,1699813,2938807,1265161,2222445,Rec
1003129,1677733,2905117,1233401,2196747,Rec
1043169,1688943,2870613,1261205,2188539,Rec
658435,977203,1691229,753023,1277075,Rec
474073,821845,1397103,598325,1062889,Rec
1522575,2468093,4228413,1836679,3212391,Rec
1484859,2430887,4150783,1812415,3165797,Rec
1464399,2469499,4243687,1816907,3221183,Rec
1247523,2083053,3368483,1544565,2624807,Rec
1272709,2133511,3509209,1570257,2706231,Rec
892497,1453091,2726331,1083145,2008721,Rec
835473,1393199,2578225,1030399,1906713,Rec
1356767,2258219,3483913,1665557,2753323,Rec
1373123,2269317,3815801,1683173,2920367,Rec
1363659,2282805,3673887,1684229,2856563,Rec
1369651,2278035,3814989,1685075,2924057,Rec
956197,1579491,2839659,1171273,2122555,Rec
889113,1623877,2871071,1158595,2157991,Rec
1007319,1660263,2833657,1232199,2157449,Rec
1035109,1687051,2870733,1252641,2183959,Rec
1473853,2358549,3827521,1767925,2967935,Rec
1431251,2373387,3855069,1758757,2990179,Rec
1066121,1742121,2929711,1298013,2242937,Rec
1094651,1785679,3038047,1330969,2316123,Rec
1543905,2465257,4007805,1853871,3103135,Rec
1022795,1677265,2858555,1246365,2177215,Rec
1454111,2440443,4290093,1798711,3229947,Rec
1228603,2054863,3362231,1516167,2598493,Rec
1237163,2069441,3417953,1527017,2634607,Rec
1230299,2058035,3393691,1519805,2617081,Rec
1204751,2034165,3369791,1496091,2593855,Rec
872629,1478135,2713613,1087235,2027145,Rec
1010321,1757625,2894481,1278361,2233669,Rec
982131,1585697,2547233,1178609,1957187,Rec
830877,1430559,2304235,1045129,1795851,Rec
1212071,2162147,3556001,1560077,2742719,Rec
1163219,2079241,3387955,1499907,2627905,Rec
1310299,2191291,3684347,1619119,2820123,Rec
1312103,2191509,3360819,1665865,2677223,Rec
1311471,2243991,3520339,1642851,2755459,Rec
1313205,2215817,3692475,1610059,2828711,Rec
1413957,2331369,3776879,1729265,2934207,Rec
1460653,2449645,3907025,1816309,3075381,Rec
959173,1559203,2708817,1162523,2049035,Rec
979061,1583081,2724675,1182669,2070233,Rec
1456477,2436277,3990229,1804167,3091779,Rec
1489629,2445997,3926949,1824841,3082749,Rec
1028351,1675991,2845317,1250047,2172349,Rec
853215,1455923,2608013,1062217,1942839,Rec
770807,1285581,2553807,948527,1849613,Rec
877403,1401957,2591713,1054113,1933299,Rec
998113,1618061,2785529,1211635,2117251,Rec
1414155,2440155,4318561,1777269,3234799,Rec
1168449,1797641,3074991,1367049,2338119,Rec
1013527,1617969,2785391,1214219,2115377,Rec
1016399,1654235,2907331,1226879,2184265,Rec
837287,1349691,2683113,1030843,1964063,Rec
881827,1416735,2826667,1059801,2038039,Rec
840277,1428715,2794147,1045031,2023425,Rec
1361873,2259189,3812919,1669629,2906653,Rec
1475477,2415859,4040721,1801219,3103395,Rec
1447647,2330885,3761847,1743609,2924449,Rec
1470367,2437585,4156123,1804439,3166507,Rec
1605817,2634357,4473893,1957575,3414825,Rec
1478323,2385445,3940091,1782319,3025083,Rec
1342529,2262205,3843685,1662651,2927931,Rec
1288689,2153455,3615357,1585571,2759789,Rec
1009427,1635441,2881789,1219521,2167895,Rec
917947,1411663,2773763,1085977,2001615,Rec
1455109,2405939,4140845,1781917,3138259,Rec
1411537,2275661,3626329,1706429,2828017,Rec
1517473,2474317,4271171,1844479,3240429,Rec
1528999,2555115,4343841,1889429,3320121,Rec
1393395,2252763,3659235,1693893,2868345,Rec
1011475,1666801,2856433,1232731,2168533,Rec
1403445,2525283,4104557,1858379,3223603,Rec
1382789,2504807,4063323,1835347,3192855,Rec
1364799,2446821,3924405,1802399,3101867,Rec
1166735,2142209,3614419,1569921,2801693,Rec
1190245,2169881,3643387,1597955,2825541,Rec
1383629,2483243,4051815,1825373,3179955,Rec
1924371,3352161,5387807,2506409,4262197,Rec
1624525,3067951,5178459,2092941,3839453,Rec
2010123,3695045,6001781,2693275,4710139,Rec
1887295,3491907,5535265,2524331,4324637,Rec
1415587,2366101,4404739,1776509,3242301,Rec
1357925,2265447,4261325,1723829,3220339,Rec
1484559,2558371,4659723,1908063,3500925,Rec
1466169,2567479,4714217,1926989,3571347,Rec
500395,1580251,2447917,992491,1965643,Rec
496131,1515677,2278615,952815,1838871,Rec
642871,1677343,3092341,1097779,2319871,Rec
559617,1742085,3096817,1069053,2335029,Rec
552947,1696059,3055727,1056139,2331269,Rec
911953,1509815,2759593,1144445,2075229,Rec
926717,1521335,2770427,1155351,2090733,Rec
1423117,2493665,4121383,1853759,3221993,Rec
1230077,2089741,3341859,1572137,2640761,Rec
1163669,1915135,3069701,1454227,2424541,Rec
1229957,2113239,3351995,1580077,2659049,Rec
608677,901917,1631461,552485,1142443,Rec
1018433,1721017,3460987,1099907,2038039,Rec
1220613,2071259,3296679,1548835,2596787,Rec
1194183,1985189,3141691,1494891,2484689,Rec
1334557,2330135,3810605,1726655,2973187,Rec
1335921,2279415,3714555,1713509,2924559,Rec
1214275,2047833,3416079,1560217,2718197,Rec
1289851,2253635,3687279,1576635,2900071,Rec
1292049,2184721,3570017,1659981,2825771,Rec
1306913,2296391,3806285,1716923,2985417,Rec
1234907,2144265,3428871,1612843,2727429,Rec
1301395,2256361,3781297,1701051,2980585,Rec
1308037,2271173,3764611,1629089,3005253,Rec
869319,1521351,2691981,1185293,2077235,Rec
510525,804183,1345327,623381,1054203,Rec
1429155,2455719,4017201,1855815,3171951,Rec
1246925,2142679,3404387,1589057,2673187,Rec
761147,1293421,2375237,982559,1743155,Rec
772569,1276925,2385497,881567,1548863,Rec
1208381,2081927,3382901,1582205,2702371,Rec
885609,1434273,2664885,1058875,1892589,Rec
1233241,2144607,3546617,1670955,2865027,Rec
1321237,2297215,3778455,1724511,2969841,Rec
1291377,2171613,3621311,1641019,2827097,Rec
799463,1231931,2202905,985843,1726239,Rec
793555,1326909,2381091,838667,1460589,Rec
1209721,1999063,3150233,1521039,2507391,Rec
1206401,2005681,3191369,1535069,2543483,Rec
1336899,2212303,3575883,1684691,2814175,Rec
1309145,2179867,3514715,1665661,2781917,Rec
1313663,2252857,3625781,1701247,2868581,Rec
1239243,2137925,3433465,1608557,2711257,Rec
1223879,2031523,3273841,1540863,2581563,Rec
1199979,1994687,3133129,1527589,2509905,Rec
1223437,2086269,3306993,1570691,2625413,Rec
1207911,2007151,3183499,1526741,2527375,Rec
1290615,2143527,3428967,1620525,2698533,Rec
1324259,2301899,3710675,1722531,2924261,Rec
1328971,2181381,3566075,1660775,2786699,Rec
1296769,2121973,3431449,1616511,2699307,Rec
1164421,1993067,3263663,1164031,1981941,Rec
1180025,1952371,3077901,1464315,2409575,Rec
1278895,2218757,3706781,1680315,2908587,Rec
1313685,2224075,3652173,1647817,2857355,Rec
1192507,1970537,3119361,1494415,2470673,Rec
207977,350761,989991,267039,663349,Rec
333611,506813,668513,401649,579795,Rec
829647,1272457,2502071,1002793,1841415,Rec
1058119,1510119,3349241,1260857,2410403,Rec
1244835,1915119,3422083,1499037,2604037,Rec
1517521,2576063,4722997,1953725,3551261,Rec
1502469,2591343,4886635,1966427,3664431,Rec
1067825,1893743,3347911,1391993,2553139,Rec
1060869,1866497,3481413,1402205,2623569,Rec
214603,550137,991407,345009,775159,Rec
225743,482029,773583,339439,746055,Rec
311461,500929,1060827,383897,757963,Rec
318357,482899,927981,379093,675877,Rec
323795,510757,949251,368611,759723,Rec
255647,390729,1180051,306575,771835,Rec
284031,551077,1205777,379331,846527,Rec
1842431,3198683,5752855,2410807,4387343,Rec
1735451,2874967,5612117,2188817,4137547,Rec
1149979,2010481,3906039,1495289,2867035,Rec
1200083,2158333,3805103,1609623,2918097,Rec
870807,1353123,2156175,1052011,1706239,Rec
749391,1248495,1958509,948389,1562197,Rec
799519,1230873,1978867,962227,1566015,Rec
858623,1328533,2028657,1039107,1635825,Rec
841345,1295429,2070289,1009783,1638723,Rec
803965,1245027,1947715,972407,1553441,Rec
812735,1267297,1995733,986743,1590397,Rec
352935,899897,1579555,599867,1220707,Rec
178049,411443,464109,273927,421085,Rec
158793,298485,791337,226995,525565,Rec
149781,326853,510411,226513,408033,Rec
302403,450685,1092925,363669,763109,Rec
172669,441269,829187,315719,595487,Rec
345937,559469,1279189,433123,894707,Rec
473607,656877,1567823,551915,1118635,Rec
203561,359157,735935,263091,530551,Rec
526909,743695,1486763,609631,1098905,Rec
429577,712291,1850045,463837,832769,Rec
355157,572579,980681,453387,777217,Rec
360149,377493,1086669,353459,719575,Rec
171099,299401,593439,226427,435781,Rec
172743,314703,591773,231993,442915,Rec
146785,286453,520055,214113,402297,Rec
138331,282703,511071,205995,401315,Rec
89275,191703,433621,135907,306895,Rec
230303,415779,810209,310201,599237,Rec
412745,602895,1143053,480049,852739,Rec
385011,582301,987713,465485,768131,Rec
325681,541941,1142945,417369,817425,Rec
275979,561489,1115083,398753,819013,Rec
304215,534539,906537,411429,725095,Rec
105825,397441,852031,317305,605707,Rec
150739,280705,430437,211213,375241,Rec
152875,335655,464807,237565,382727,Rec
322603,594469,2894003,443663,1659347,Rec
90285,246931,406111,163889,332131,Rec
151855,341275,453505,241625,406097,Rec
134573,276285,647483,253349,404655,Rec
153265,314263,488677,216191,385271,Rec
305433,1130621,1513427,736843,1294925,Rec
255699,505231,1141657,361971,825519,Rec
126633,284409,463465,202787,376847,Rec
123683,266113,429837,187255,344135,Rec
243989,780999,798765,485653,780311,Rec
357285,621457,1052327,503509,831031,Rec
525645,596025,1421059,502171,938011,Rec
343595,429293,890983,361227,645405,Rec
379071,624651,1307513,472119,923483,Rec
507929,1144259,1757953,755505,1393733,Rec
482583,915625,1330735,605781,1045383,Rec
444023,619949,1370751,479481,875599,Rec
198695,326867,1376081,249801,655923,Rec
210805,410541,762429,304387,556227,Rec
355683,577243,1189091,440757,852125,Rec
368733,652033,1125265,537253,917663,Rec
393837,530485,1142507,436121,803973,Rec
275649,352149,578275,304507,450519,Rec
320621,543911,1208649,412405,859689,Rec
332611,572447,941341,429683,739611,Rec
322131,522659,1030329,399375,767643,Rec
299449,500527,1500891,364467,793371,Rec
351185,533227,1124999,412105,821315,Rec
322255,517333,1251179,392479,847199,Rec
278219,502013,998479,370753,734699,Rec
234559,499537,749369,356867,616069,Rec
320311,552291,1147007,418651,836029,Rec
346903,552609,1130657,422163,820863,Rec
273003,482959,931893,346769,678627,Rec
255053,526269,795039,380061,648271,Rec
307245,481959,857437,365225,622301,Rec
186735,393953,608531,268489,488029,Rec
259947,519111,809003,386647,650331,Rec
315733,603149,456145,438371,516981,Rec
338847,531929,1152669,423585,831811,Rec
200853,408729,881681,294069,637005,Rec
389509,343977,911513,358873,632863,Rec
249453,509729,1026937,365389,792921,Rec
220789,561341,615895,373157,554527,Rec
183385,528411,787105,326543,636039,Rec
147011,622011,979849,365253,736227,Rec
192621,272715,678329,213989,473061,Rec
325249,426407,766697,349877,598309,Rec
246965,468993,1108403,343139,817259,Rec
205385,430631,703351,278833,541095,Rec
242635,489063,945689,359029,714665,Rec
322469,601841,1242473,442107,897659,Rec
331381,579541,979739,426551,778533,Rec
312621,559345,1239071,421259,886037,Rec
307639,555381,868853,421673,711535,Rec
404535,631543,1288543,444113,858067,Rec
407605,645359,1343529,498047,989895,Rec
337987,554153,1176775,432987,836009,Rec
352989,549937,1099967,427397,802811,Rec
319403,536857,906047,406297,712011,Rec
215781,579553,1152069,369523,862235,Rec
264487,453771,1035669,335537,754701,Rec
276205,491427,834449,357013,645851,Rec
234717,412405,682947,311075,529627,Rec
263265,458209,809177,347059,617825,Rec
270833,420171,782337,335893,617529,Rec
185265,405211,1132657,293937,761413,Rec
353373,415057,852115,342735,678373,Rec
457615,370569,562975,415761,475563,Rec
225201,558221,819011,254235,960221,Rec
297881,514929,1025383,430529,760319,Rec
291257,678025,429789,470957,539307,Rec
228877,613873,435765,444109,539131,Rec
304463,263179,411733,266439,325619,Rec
295273,501765,921945,383605,670553,Rec
250603,545969,519489,335255,704655,Rec
179183,538403,450985,362513,508953,Rec
375693,736587,1313985,532663,1006669,Rec
265461,510317,1016125,349061,744741,Rec
254975,524701,948035,378969,720997,Rec
295607,540449,992625,372087,744327,Rec
312481,528497,859603,383825,702823,Rec
131037,521413,808653,342035,579003,Rec
253625,637491,638315,479181,629671,Rec
354749,323831,728689,355053,692411,Rec
248647,417545,1322261,310135,837001,Rec
412507,662593,1355367,502941,987257,Rec
358661,595041,1012887,458601,760547,Rec
394069,795011,1572011,530971,1045603,Rec
287811,495915,863475,346953,626641,Rec
262603,466533,811135,344027,619371,Rec
266791,482683,863189,357787,658449,Rec
283177,575825,1025379,403563,771743,Rec
299283,481931,821925,378937,617819,Rec
233921,336971,867873,265121,626437,Rec
225649,449987,723883,323361,584883,Rec
274287,501309,543919,362147,507503,Rec
439235,571915,1304553,484261,921809,Rec
275477,612395,1513429,433565,971533,Rec
300993,570501,998163,414759,801863,Rec
298189,573137,886037,412211,692811,Rec
323505,564467,992941,419545,773335,Rec
250461,519581,1014523,375607,745991,Rec
255961,527501,953255,365707,736199,Rec
330663,593275,1105949,430667,824551,Rec
349037,519067,1076755,418435,786799,Rec
341617,553429,1094611,418169,813927,Rec
232599,482227,806345,334947,632027,Rec
223333,363883,643827,273525,490363,Rec
160523,205859,270449,177541,230711,Rec
74703,186771,254373,148721,250351,Rec
141937,578127,513917,330909,551869,Rec
592397,452129,926523,504499,677759,Rec
397281,595599,1035777,466917,779895,Rec
138803,244537,638271,180867,406571,Rec
339049,538267,679697,408489,587313,Rec
214875,396799,632705,291033,494005,Rec
697653,374167,1095843,409115,657029,Rec
247735,426501,674869,316475,531681,Rec
294773,521567,957239,398549,734639,Rec
169709,422449,539379,277823,476983,Rec
317925,562871,1056591,432409,809697,Rec
301301,499197,1052437,395957,785449,Rec
292039,524805,974553,385175,736403,Rec
266771,492863,944931,364195,702819,Rec
292993,261561,429097,263223,338661,Rec
218091,294491,900911,264283,627507,Rec
317013,502937,1157267,443439,1024165,Rec
205511,406965,747709,284809,565895,Rec
399433,576983,1548457,457697,1007481,Rec
175871,440863,659613,278975,528767,Rec
332537,573115,1316003,436659,933603,Rec
217691,446055,808249,307143,618129,Rec
275747,533509,847965,381197,682785,Rec
185379,386371,683813,303167,615759,Rec
251961,415595,960505,314745,617359,Rec
352341,586399,796933,444839,671189,Rec
240283,655483,1606503,425075,1094279,Rec
329573,589051,1258855,446979,969847,Rec
175903,586043,1227593,365117,889457,Rec
335957,657333,1458101,480403,1039255,Rec
214075,434219,716563,306643,562923,Rec
400361,691291,1388971,520109,1002419,Rec
240065,458097,874453,333805,647619,Rec
280945,574153,904909,371443,800043,Rec
215623,604909,935177,425431,814125,Rec
207725,391241,1054149,299309,705869,Rec
213245,379241,692213,269073,482561,Rec
343737,783905,1732061,519255,1199843,Rec
372701,738563,1424999,533133,1054887,Rec
384949,637581,755759,481237,671469,Rec
154307,372361,666689,251723,494529,Rec
154701,380495,593107,268631,496661,Rec
229181,488025,760547,340755,582545,Rec
172193,371377,650993,266229,504823,Rec
223013,462403,806695,348939,670481,Rec
176039,361365,515541,257367,424791,Rec
179945,411955,597039,292285,504883,Rec
329033,506447,935857,393649,710999,Rec
335983,553615,1230833,428229,877641,Rec
329473,536537,905599,417461,710863,Rec
284637,480767,922917,371617,699799,Rec
288931,517387,1075001,395109,754093,Rec
1225807,1847961,3278335,1381687,2420965,Rec
707953,1017465,2224315,813427,1575817,Rec
896933,1373787,2601273,1089267,1948837,Rec
1492071,2461805,4007209,1878285,3154697,Rec
1589611,2625369,4382767,1987091,3396061,Rec
720849,1107805,1639555,864689,1339759,Rec
930975,1485869,2322707,1138099,1844639,Rec
1031391,1639391,2629449,1267685,2079553,Rec
899761,1416769,2288769,1080485,1774491,Rec
1361681,2104405,3787141,1653729,2886789,Rec
1252407,1993117,3340261,1568613,2606837,Rec
953585,1726171,2915661,1294823,2262457,Rec
1031567,1769203,2918199,1323985,2281847,Rec
899679,1500869,2591949,1125329,1979513,Rec
845163,1258831,2404381,976773,1719383,Rec
1019205,1869833,3149627,1407805,2453435,Rec
747277,1284387,2493093,1032063,1813681,Rec
756471,1275957,2444421,892779,1597507,Rec
1045173,1614031,3843691,1245165,2647593,Rec
939353,1485037,2332937,1146445,1852393,Rec
679073,1100809,1810267,857595,1446357,Rec
1217709,2051715,3612725,1465043,2621981,Rec
1103491,1921333,3578055,1444977,2696275,Rec
1502729,2844933,4873981,1914471,3526555,Rec
1173281,1983377,3286803,1494377,2551047,Rec
792241,1229787,1862403,921405,1453407,Rec
393413,602571,1434935,510201,1065909,Rec
717831,1104657,2420949,870819,1728709,Rec
785369,1252529,1967029,960273,1558811,Rec
903009,1411495,2303045,1091543,1802411,Rec
913607,1492755,2486865,1148321,1944279,Rec
590023,919779,1656473,693757,1227213,Rec
923191,1447203,2070193,1120927,1710549,Rec
1268671,2157591,3717549,1613231,2846785,Rec
1559665,2998155,4827735,2144491,3780187,Rec
1356833,2167101,3581663,1664395,2786321,Rec
1247115,2038285,3295967,1549401,2623079,Rec
1153711,1851035,2990105,1425501,2378877,Rec
1396349,2316265,3881921,1768679,2974809,Rec
1140763,1931719,2975953,1437083,2380195,Rec
1032003,1607995,2616879,1232493,2017675,Rec
899999,1411691,2192525,1090637,1747763,Rec
1426215,2518091,3957637,1866457,3143749,Rec
981903,1552883,2457429,1198687,1941647,Rec
1137419,1711585,2621569,1336943,2099369,Rec
651667,1007071,1451599,792357,1219275,Rec
801021,1245807,1911425,973467,1538215,Rec
1229643,1958901,3132085,1502643,2463017,Rec
1330203,2066751,3294135,1601053,2598801,Rec
864605,1335473,2331649,901437,1587047,Rec
531899,835279,1638907,596431,1118741,Rec
685741,1068199,1900861,898573,1541423,Rec
888113,1463811,2527215,1124039,1968789,Rec
1636479,2603311,4373475,2043411,3450427,Rec
1423729,2287349,3641431,1750529,2875135,Rec
785915,1182361,2065685,933229,1583829,Rec
839591,1266217,2200013,995529,1683225,Rec
721221,1093967,1881501,858807,1443249,Rec
1318407,2169867,3513457,1654807,2766617,Rec
944657,1493855,2334905,1150017,1857741,Rec
421489,608105,977479,487967,770923,Rec
581891,858849,1599773,682829,1203333,Rec
1220591,1982455,3270271,1525797,2569903,Rec
921911,1420231,2514773,1113203,1928615,Rec
495847,778063,1033165,603555,879333,Rec
731671,1118589,2160629,908165,1671685,Rec
1112705,1768815,2993883,1411789,2377047,Rec
655025,956537,1490801,730443,1162337,Rec
501287,728819,1247473,587329,961127,Rec
756129,1198593,1834543,941425,1489383,Rec
1380353,2160087,3375123,1680645,2710191,Rec
1462289,2314473,3643871,1796723,2905643,Rec
909549,1417067,2202075,1115645,1774757,Rec
1046675,1679879,2850215,1263345,2185997,Rec
853331,1375577,2488481,1090803,1881481,Rec
1006105,1423531,2503869,1196187,2033887,Rec
836073,1282521,2017563,998059,1599711,Rec
893051,1408759,2300379,1081755,1782421,Rec
870265,1416623,2262437,1088631,1805225,Rec
845209,1339885,2155063,1024885,1692203,Rec
983825,1558969,2408769,1203385,1929655,Rec
420445,629491,1083011,498101,829305,Rec
430455,641073,1099855,511797,853357,Rec
958989,1515003,2383841,1177699,1900489,Rec
1488479,2267613,3428503,1757697,2759499,Rec
1497671,2324633,3620705,1811565,2894791,Rec
1032753,1623047,2591437,1256493,2050977,Rec
1481165,2414481,3965579,1851331,3113729,Rec
1255589,1937589,3678799,1523253,2748517,Rec
1154319,1791489,3062709,1400387,2476387,Rec
707849,1005187,1732391,869433,1393175,Rec
1027571,1591071,2766377,1296543,2180405,Rec
984535,1607391,2784781,1140389,1949589,Rec
757689,1294759,2375359,1014471,1923375,Rec
623003,1122931,2189843,820541,1504983,Rec
1218675,1901783,2900335,1478337,2342257,Rec
1483155,2397753,3985951,1837663,3110329,Rec
792179,1238091,2065281,966615,1611987,Rec
1285221,2014061,3077911,1565043,2480053,Rec
827721,1308239,2046143,1011843,1634641,Rec
1308389,2134323,3479029,1621371,2704731,Rec
771181,1191489,1956229,925135,1529201,Rec
841629,1313707,2107831,1012819,1652333,Rec
999537,1571029,2425029,1215139,1941437,Rec
867675,1362515,2373997,1015725,1779455,Rec
871453,1520465,2792157,1158837,2041459,Rec
916887,1532009,2649291,1172233,2045913,Rec
690241,996235,1850527,811431,1354595,Rec
359779,529723,907487,421829,699477,Rec
1275935,2024929,3162207,1558647,2529059,Rec
1309059,2128457,3362767,1635625,2685603,Rec
1702805,2817129,4435855,2148731,3533827,Rec
1148263,1842841,3393567,1495659,2655793,Rec
1667433,2674017,4394173,2046955,3437263,Rec
1064353,1585937,2515971,1260563,2007207,Rec
637415,1004059,1480381,771445,1209277,Rec
407593,686361,1151659,525241,902079,Rec
640175,1079921,2345945,897867,1805737,Rec
905607,1521131,3270353,1148597,2340563,Rec
878923,1358415,2529049,1064327,1855375,Rec
926003,1393257,2069053,1097449,1685013,Rec
478319,704735,1149527,555471,899017,Rec
1308311,2072349,3225973,1603931,2586249,Rec
1404653,2270437,3614097,1738905,2879875,Rec
903099,1423117,2230917,1097029,1772227,Rec
407155,604675,1067631,475077,813297,Rec
1215131,1973065,3021991,1502531,2419363,Rec
1124237,1796511,2968727,1385529,2330449,Rec
1273359,2094291,3418977,1585673,2642585,Rec
1140305,1807499,2990813,1561387,2564853,Rec
1097591,1761773,2909807,1374707,2275003,Rec
1496157,2420423,3978879,1858813,3127649,Rec
1388767,2122465,3227297,1660799,2598273,Rec
1331117,2117557,3382525,1604279,2580617,Rec
1268245,2012371,3221249,1547449,2528615,Rec
782985,1264391,2095751,962897,1630613,Rec
395499,604393,1040207,473629,802407,Rec
919663,1567325,2828079,1175085,2157509,Rec
692437,1045193,1751517,816909,1352005,Rec
632497,865529,1723061,726395,1308315,Rec
794525,1207671,1803559,945171,1451819,Rec
784599,1355133,2532649,1151429,2173297,Rec
644059,1062619,1718683,806427,1349423,Rec
895409,1477251,2522453,1119837,2018295,Rec
1412385,2342903,3884953,1753949,2980483,Rec
956633,1520557,2644533,1166849,2018511,Rec
660517,999151,1621877,778845,1261467,Rec
884637,1414195,2741413,1126587,2033045,Rec
912457,1432029,2268031,1105981,1788107,Rec
396223,601527,1059169,474085,811399,Rec
906635,1421955,2427603,1111211,1881011,Rec
725001,1119969,2224981,864905,1615975,Rec
971167,1461337,2350455,1083687,1909169,Rec
723735,1036525,1523443,832919,1244949,Rec
660451,995859,1575517,777497,1227171,Rec
946035,1479559,2608501,1075673,1937347,Rec
1441615,2524285,4323435,1884613,3341899,Rec
808335,1310291,2177167,997261,1691269,Rec
813239,1294837,2060849,986987,1596315,Rec
480589,762121,1253583,583459,971211,Rec
911559,1510625,2657601,943689,1642403,Rec
1306621,2061673,3622211,1555137,2639189,Rec
784845,1181331,1998925,929689,1533759,Rec
1381029,2304597,3817801,1749101,2992969,Rec
806161,1318345,2183395,1005997,1695899,Rec
823617,1286391,2038107,992141,1604243,Rec
1587729,2547603,4115947,1951975,3234831,Rec
895007,1479881,2791469,1142829,2130903,Rec
1498691,2479765,4190287,1701265,2812939,Rec
1020939,1692977,3026219,1298777,2308839,Rec
1141837,1858843,3104421,1431925,2442289,Rec
1551867,2483859,3859557,1910929,3078841,Rec
1745595,2721083,4379053,2118517,3448975,Rec
1134783,1841089,3106525,1411707,2413167,Rec
1524389,2469045,4111523,1876165,3174663,Rec
1468677,2445551,4055297,1846819,3164319,Rec
2140557,3174107,7586951,2515359,5268703,Unknown
1989775,2985637,6638747,2362433,4729075,Unknown
2016613,3092005,6966945,2421091,4925361,Unknown
1892513,2911255,7252313,2286607,4980499,Unknown
2015015,3129807,7426089,2444869,5194299,Unknown
2135187,3156879,7188345,2509051,5059111,Unknown
2034515,3213259,7150347,2495891,5034429,Unknown
1946035,3160087,7196085,2419343,5071343,Unknown
2091535,3089657,6975463,2466783,4948345,Unknown
2009981,3267623,7330221,2510741,5228371,Unknown
1980671,3066067,6729117,2393533,4809789,Unknown
1908627,2999355,7059241,2337433,4950149,Unknown
2015523,3101427,7082093,2427715,4960365,Unknown
2127557,3216687,6815167,2535493,4914453,Unknown
2206109,3236599,7197011,2589337,5124689,Unknown
1420539,1898101,5003181,1544207,3419865,Unknown
1400305,1858979,4888869,1521847,3400803,Unknown
1470875,2144699,5613503,1639353,3698471,Unknown
2143337,3278817,6984071,2509095,4918951,Unknown
1319935,1892755,4694821,1383367,2911867,Unknown
2406983,4189351,6869171,3139933,5405419,Rec
2372321,4138939,6831159,3087299,5344255,Rec
2155519,3759759,6340853,2891677,4906945,Rec
255337,367565,983951,298961,632765,Unknown
454145,536479,1622153,482239,1154661,Unknown
602533,902873,1710073,591369,1122143,Unknown
283981,474001,984279,354385,669977,Unknown
705847,1207725,2490325,1212725,2160511,Unknown
2550133,4685561,7812013,3442735,6074685,Unknown
2473693,4462829,7568689,3290729,5789177,Unknown
454851,706851,1452147,545907,1065527,Unknown
2019377,3697387,5825267,2723713,4642321,Unknown
1977307,3656369,5701655,2685457,4573135,Unknown
1963141,3604655,5688449,2651359,4540125,Unknown
2606587,4756249,7820837,3494107,6129889,Unknown
2330995,4161035,6916063,3095127,5459487,Unknown
1462261,2847379,4631701,2057129,3653289,Unknown
1590877,3019697,4886983,2201131,3861631,Unknown
932791,1589287,2755899,980983,1859853,Unknown
292973,492009,890959,333151,638641,Unknown
439497,877911,1661835,563071,994147,Unknown
116239,232077,343277,163871,276281,Unknown
118401,236615,350093,166869,284901,Unknown
92089,228385,258507,158959,241643,Unknown
88121,176255,241339,108243,171207,Unknown
607307,1267375,2622023,1369573,2453095,Unknown
362975,751057,1710627,955037,1869485,Unknown
643143,1010771,1949009,598103,1125575,Unknown
99457,195303,436525,123327,218303,Unknown
102299,189749,259383,192409,284163,Unknown
95991,163785,378519,133357,271577,Unknown
156393,262609,720367,207259,371537,Unknown
292307,449955,857785,359353,663459,Unknown
247915,397617,853379,314989,625607,Unknown
201973,412835,578409,318691,545097,Unknown
236703,432875,939447,461813,977763,Unknown
88025,215101,456075,169387,299917,Unknown
253835,433767,881323,357337,697783,Rec
304331,440329,977155,357861,698229,Rec
301701,456495,889579,364861,677077,Rec
2178997,3766627,6594421,2828019,5030733,Rec
1781963,2714053,6070893,2112411,4242299,Rec
1765869,2544173,5743321,2008873,4013381,Rec
1938785,2691535,6449205,2197139,4479019,Rec
1417027,2553557,4389095,1863381,3340817,Rec
1481973,2604969,4897535,1992805,3707461,Rec
1569867,2627857,4788851,2023245,3668573,Rec
278985,459025,898785,352075,666523,Rec
324531,441587,973139,362245,690271,Rec
248315,363011,721407,287721,527667,Rec
298237,506767,788269,382553,586617,Rec
1420739,2361617,4570989,1797003,3337533,Rec
816279,1469467,2365631,1113513,1961423,Rec
985877,1575809,2833773,1228063,2196993,Rec
359257,551643,1237635,437945,870423,Rec
408901,621959,1373783,490633,982377,Rec
278053,424331,695819,306265,603173,Rec
306367,451511,1006919,359925,708887,Rec
308451,459693,981835,362451,702153,Rec
292257,429459,959963,341367,676351,Rec
281031,418355,872833,330599,645359,Rec
281313,438485,912971,343385,659013,Rec
247953,412117,744169,351655,642321,Rec
294809,441901,1047711,351575,728373,Rec
1703977,3063793,5591991,2365619,4397227,Rec
2263147,3977295,6922963,2902781,5204031,Rec
2186071,3829899,6739805,2814533,5085937,Rec
936837,1740459,3205307,1314025,2478041,Rec
1117009,2080693,3510233,1533009,2741927,Rec
1253043,2258847,3611891,1648161,2776763,Rec
1181477,2028573,3330625,1455539,2531943,Rec
1232859,2199213,3825265,1645303,2975531,Rec
1122331,2116755,3763279,1582951,2897027,Rec
1180579,2184057,3729575,1592357,2879337,Rec
1098495,2138777,3792709,1582617,2958255,Rec
1240283,2256331,3844855,1644847,2966969,Rec
1248591,2307191,3932833,1685853,3035615,Rec
1144859,2001643,3585225,1429295,2659901,Rec
2108409,3874497,6405349,2902967,5029269,Rec
2007333,3684019,6488795,2679021,4984353,Rec
1855627,3554577,6180701,2786097,5069573,Rec
1910557,3665337,5956773,2626499,4624101,Rec
2101143,3917751,6496841,2862233,5060985,Rec
1178871,2206663,4186469,2303507,4298669,Rec
1827567,3376987,5962891,2591679,4722665,Rec
1996531,3695471,6316147,2723551,4890311,Rec
2131733,3996385,6673781,2898575,5199911,Rec
1878895,3566075,6212483,2613719,4808739,Rec
2074209,3892961,6552919,2835459,5087481,Rec
2042563,3877675,6524551,2857011,5107339,Rec
2081263,3845241,6331611,2813763,4951025,Rec
2042903,3795959,6222817,2663219,4722649,Rec
2075387,3901005,6567481,2874599,5125147,Rec
2116517,3940599,6588059,2873527,5126707,Rec
2002371,3764421,6497337,2817967,5086941,Rec
2121273,3939985,6675219,2885703,5178689,Rec
2055449,3887659,6403453,2815711,5013483,Rec
1765139,3405731,5459855,2551677,4496565,Rec
1567291,2744947,4895965,2025077,3690109,Rec
1526893,2693363,4685891,1985095,3563309,Rec
1582213,2785183,4972107,2066793,3749965,Rec
1186227,2220445,4098323,1691149,3135833,Rec
1576031,2779691,5038339,2087491,3844723,Rec
2005307,3912725,6202785,2822397,4935057,Rec
2091769,3953703,6412661,2826171,4950387,Rec
2110281,3998419,6451585,2892865,5092541,Rec
1876339,3543863,6082821,2648133,4783955,Rec
1423455,2626261,4694331,1973327,3644199,Rec
1257787,2501333,4092939,1811105,3199013,Rec
1278417,2417979,4020245,1720941,3097487,Rec
1215891,2341287,4007109,1731549,3162227,Rec
1311457,2390201,4248387,1726239,3251381,Rec
1384647,2630801,4396095,1926277,3447633,Rec
905841,1578949,2907253,1188093,2191239,Rec
1170461,2263211,3714467,1484913,2690507,Rec
1133507,2104501,3681751,1575095,2940697,Rec
889111,1551927,2843405,1159323,2144687,Rec
911459,1600045,2951273,1203151,2239293,Rec
1200779,2255691,4037709,1682837,3170539,Rec
1230415,2351117,4030695,1735153,3174733,Rec
1151259,2278093,3480433,1746559,3062605,Rec
787901,1603191,2544319,1148795,2041391,Rec
1166319,2126801,3602999,1441119,2569103,Rec
1300917,2441309,4089771,1776043,3179305,Rec
939097,1625391,2993615,1221689,2255213,Rec
872569,1555493,2817491,1148307,2136431,Rec
1373473,2523607,4107855,1854041,3245793,Rec
826849,1479083,2644963,1090493,2005711,Rec
978675,1658431,3122659,1260517,2351579,Rec
2125755,3975637,6673259,2908033,5197503,Rec
2147243,4022853,6734217,2947979,5244307,Rec
1221573,2102197,4289843,2530047,4352245,Rec
1752255,3303695,5833801,2309737,4331017,Rec
1527363,2909859,4847585,1971745,3589299,Rec
946037,1593627,2792853,1188929,2086031,Rec
1511399,2684549,4762203,2001831,3668895,Rec
1543433,2724965,4960739,1926855,3628335,Rec
1325489,2250523,4340759,1731153,3211447,Rec
1711445,3526457,5651927,2525417,4395103,Rec
1444485,2715491,4536691,1970229,3525839,Rec
1345665,2614915,4218683,1921081,3369825,Rec
1325191,2546849,4202029,1793017,3087811,Rec
869899,1536577,2725427,1141415,2074773,Rec
630913,1549755,3324393,1436473,2710983,Rec
1005199,1790215,2831635,1094161,2090169,Rec
1251385,2393135,4225651,1732241,3180325,Rec
840711,1621817,3003061,1257095,2384359,Rec
1262857,2402895,4200695,1824253,3321763,Rec
1225565,2300385,4178533,1695853,3184387,Rec
1311127,2521261,4329851,1856615,3399447,Rec
1240201,2225861,4032095,1667753,3116225,Rec
1293641,2440715,4202263,1757621,3221271,Rec
1197631,2327577,3881025,1741711,3142021,Rec
1264783,2419959,4271735,1785081,3315119,Rec
1500783,2769111,4629145,2030225,3605309,Rec
852787,1510007,2671449,1135717,2057311,Rec
1366935,2597673,4087989,1792901,3216153,Rec
1171913,2330937,3762545,1703421,3039839,Rec
1460751,2661549,4605005,1981665,3569205,Rec
1515343,2803769,4626581,2049699,3586981,Rec
889415,1557577,2832317,1159731,2131865,Rec
887175,1546871,2844455,1156721,2154153,Rec
849023,1522549,2732895,1092325,2009631,Rec
980551,1722231,3295117,1068133,1461651,Rec
1334263,2599247,4187581,1890505,3287255,Rec
1397899,2644133,4139255,1924523,3314877,Rec
1408593,2641133,4312369,1919129,3371039,Rec
1404855,2653871,4125881,1863905,3160279,Rec
855323,1532993,2714783,1150147,2103675,Rec
1512463,2732237,4580461,1996891,3546069,Rec
930857,1758849,3279777,1094311,1992451,Rec
913425,1759525,3269101,1273933,2486681,Rec
1074237,2031249,3726533,1556913,2900497,Rec
1255137,2262507,3682263,1665851,2884505,Rec
1114045,1995733,3625409,1454021,2725069,Rec
1059919,1915443,3696959,1416779,2755933,Rec
1268981,2293327,3678835,1694169,2919039,Rec
1051015,1932515,3220223,1406885,2508419,Rec
952599,1830535,3426643,1277413,2507487,Rec
811307,1645941,3055307,1200781,2321371,Rec
1073279,2050183,3564651,1497929,2756041,Rec
946273,1851325,3410113,1311279,2550269,Rec
923955,1735763,3295409,1301007,2539197,Rec
1264811,2342437,3914289,1715169,3051367,Rec
1174153,2237945,3573769,1672727,2869409,Rec
1254409,2261721,3696505,1702541,2989099,Rec
1168857,2235025,3453007,1652213,2813875,Rec
1116445,2167879,3360587,1579041,2728993,Rec
1187841,2217477,3720023,1519681,2790345,Rec
1146295,2172743,3699943,1574773,2899361,Rec
1178345,2219183,3781873,1644859,2981481,Rec
1292815,2424157,3983067,1751047,3110187,Rec
1169897,2180217,3654423,1617553,2879543,Rec
1096607,2099945,3507525,1450717,2588283,Rec
1084463,2177711,3514767,1554879,2791247,Rec
1298341,2389919,4035475,1753245,3092701,Rec
852225,1461857,2770311,1131157,2123743,Rec
825407,1408823,2627585,1069929,1982683,Rec
1220021,2250993,3493983,1668289,2834781,Rec
1300053,2438095,3980113,1741645,3031849,Rec
1295461,2402921,4023765,1758493,3137899,Rec
1299743,2425355,3921079,1782671,3097371,Rec
1306321,2468611,3869453,1764941,3039975,Rec
1319805,2409707,3922941,1745715,3040169,Rec
1282527,2334515,3745827,1730751,2985829,Rec
1106727,2184081,3391805,1581721,2761451,Rec
830095,1416255,2646009,1068893,1989587,Rec
1278039,2375003,3812401,1736977,2993733,Rec
1316227,2381077,3836189,1754097,3014511,Rec
1047355,1976719,3336657,1425439,2589659,Rec
1111851,2152925,3538159,1538255,2747579,Rec
1115607,2136081,3285537,1679389,2840557,Rec
816657,1441429,2682361,1072633,2010911,Rec
591187,1063219,2043689,946411,1727473,Rec
811907,1430063,2657547,1065255,1989943,Rec
735669,1279929,2314785,942199,1710201,Rec
798151,1412335,2623175,1051807,1972579,Rec
776271,1351801,2475659,1009267,1877929,Rec
820381,1422939,2615999,1067583,1977423,Rec
1208777,2295149,3528485,1671161,2838027,Rec
1609645,2972701,4936911,2161363,3914451,Rec
1658855,3078963,5147693,2255567,4010251,Rec
1453967,2787509,4797045,2009041,3707379,Rec
1552205,2688549,5070719,2020077,3825809,Rec
1600133,2934593,5101855,2196863,3925001,Rec
1356453,2585679,4822949,1970191,3698533,Rec
1530483,2914813,5115635,2149585,3939029,Rec
1469975,2849483,4811821,2055709,3737349,Rec
1547099,2854785,4886347,2141279,3838135,Rec
1739315,3088155,5475051,2263779,4151223,Rec
1529029,2944803,5224631,2137795,3995263,Rec
1519783,2896185,5113577,2108981,3928569,Rec
1720685,3232353,4913541,2411417,4137525,Rec
1675713,3055795,5164881,2282791,4042265,Rec
1604621,3000659,5404757,2184627,4098619,Rec
1565557,2944313,5191033,2220173,4027307,Rec
967619,1901915,3443253,1303535,2489127,Rec
1154017,2223709,3842639,1644465,3004383,Rec
1168193,2185575,3695509,1599149,2874439,Rec
882417,1823553,2347557,1312035,2120673,Rec
1052055,2166379,3137177,1601727,2673479,Rec
1181187,2154639,3357261,1547767,2642965,Rec
905449,1862723,2623663,1327275,2251485,Rec
1079345,2181997,3210089,1584279,2660669,Rec
393303,450291,1318113,372167,927485,Rec
126401,226011,424009,163755,310205,Rec
216987,281707,477123,243035,388673,Rec
297729,709151,1343505,474869,987639,Rec
332227,496789,782043,391307,615335,Rec
472517,627909,1532401,511097,1070593,Rec
370031,723467,977179,535653,843677,Rec
87035,191945,309703,144063,295723,Rec
138519,230271,372203,174721,284395,Rec
539467,1083821,1960393,782601,1493233,Rec
579743,1151817,2097183,823853,1588183,Rec
540007,1063365,1649755,763053,1328593,Rec
514161,1062331,1468237,744481,1224527,Rec
554539,1000801,1857267,730223,1401745,Rec
245273,640899,809215,787311,1439743,Rec
448121,1017223,1169637,729481,1103489,Rec
364543,866759,1414743,589825,1107573,Rec
495997,1084673,1250289,737991,1113029,Rec
585805,1158667,1570217,832479,1339533,Rec
605421,1188583,1547821,853355,1332945,Rec
693111,1293863,1887819,950043,1561101,Rec
644001,1172715,1786029,859875,1435481,Rec
679647,1229263,1831229,904055,1483787,Rec
641691,1127567,1870535,842223,1462095,Rec
610051,1081427,1865589,799589,1419717,Rec
682021,1245469,1780761,912411,1457677,Rec
675911,1190981,2066069,893139,1575767,Rec
688395,1270117,1809263,930623,1497533,Rec
682059,1250649,1876253,875663,1439089,Rec
559021,1158807,1391835,806385,1221795,Rec
495037,1088703,1341089,763717,1201821,Rec
653635,1270513,1781837,922513,1499527,Rec
637671,1143613,2001635,846173,1548683,Rec
604221,1040559,1636829,775523,1278667,Rec
676103,1135973,1707729,858043,1363895,Rec
560361,1144373,1612295,826537,1433957,Rec
412387,845487,1236355,604999,1046387,Rec
595427,1140959,1447509,669181,1103743,Rec
610565,1162525,1643641,816095,1280009,Rec
482073,1006469,1598731,709635,1280195,Rec
688369,1201663,1895069,895055,1498783,Rec
576337,1183125,2073127,832643,1586293,Rec
625957,1028327,1740403,841701,1543055,Rec
583893,1006097,1463691,774617,1229839,Rec
648771,1145287,1822121,780159,1333701,Rec
626141,1111403,1833189,808265,1373213,Rec
343959,836943,986281,581085,915213,Rec
172125,419557,671845,283693,538283,Rec
356041,734209,1140133,510099,893417,Rec
278153,568921,1095445,415941,822383,Rec
181781,459631,535955,297205,478563,Rec
310633,654473,1158435,475955,906335,Rec
309451,659213,1111971,461381,867717,Rec
384517,751345,1118385,542337,921129,Rec
394847,754833,1124061,543251,898095,Rec
317025,646237,971061,459517,777705,Rec
239181,537147,646293,368055,571737,Rec
279731,489619,1038385,380161,757195,Rec
311315,709929,1170303,499465,933983,Rec
376727,784439,1238597,542675,985561,Rec
292779,661263,1028369,444607,808513,Rec
379213,727275,1234585,525685,951699,Rec
327809,607113,725003,443837,647181,Rec
316089,697401,1088023,465693,847883,Rec
321555,698799,1225951,484887,939577,Rec
416187,711973,1103953,537059,871109,Rec
387237,696263,871731,515047,763493,Rec
422615,729689,1105493,546721,889185,Rec
348325,710163,1339185,503663,999921,Rec
423767,814345,1130065,594235,944489,Rec
318685,669951,1259523,469225,940263,Rec
344245,714317,1018335,503965,854689,Rec
517857,1295113,1795253,898419,1577631,Rec
549401,1286661,1928245,859859,1561575,Rec
486253,1215415,1788787,822373,1484473,Rec
476143,1148959,1673243,768011,1362577,Rec
784711,1708061,2818699,1202427,2235083,Rec
630141,1412149,2501107,965067,1887783,Rec
874249,1725085,2435827,1236025,2017917,Rec
994179,2006393,3265045,1503963,2659175,Rec
899111,1751195,2855153,1264683,2254709,Rec
658359,1376263,1525421,956057,1381003,Rec
777141,1570075,2662965,1123557,2073445,Rec
971929,1849537,2951293,1283417,2241955,Rec
1003471,2022705,3098199,1441719,2497909,Rec
638355,1381757,1837457,958497,1542559,Rec
760427,1469021,1928755,1037199,1594251,Rec
781885,1604419,2057523,1118275,1746081,Rec
453679,1138895,1610211,746165,1302825,Rec
707741,1468505,2644519,1035403,2004539,Rec
1154903,1924299,3214489,1485547,2564831,Rec
877879,1699603,3275003,1215665,2439865,Rec
645151,1510509,1969935,1037889,1696195,Rec
939227,1930649,2660671,1370091,2264081,Rec
1022931,2139793,3085527,1523673,2575867,Rec
720175,1593303,2707801,1039563,2036907,Rec
527817,1312115,1836221,861561,1497451,Rec
730789,1697569,2744569,1160219,2183805,Rec
679085,1536041,2723681,1056035,2101667,Rec
482641,1220659,1623451,841317,1447175,Rec
1058687,1804715,3499529,1365943,2592351,Rec
981423,1962003,3080547,1399297,2469191,Rec
779899,1736661,2664727,1227457,2251373,Rec
832773,1753921,3012957,1235089,2333507,Rec
1080937,2005441,3477583,1467933,2661927,Rec
992777,1843033,2742821,1344801,2222439,Rec
1102383,2042849,3312343,1502253,2569291,Rec
781361,1614289,2595877,1146105,2027827,Rec
831793,1553253,2227069,1120925,1823083,Rec
639167,1195037,1960791,792831,1115681,Rec
585225,1112467,1854559,779015,1326543,Rec
752339,1403741,1925383,1031433,1629553,Rec
703983,1134609,1663591,887499,1377553,Rec
626023,1086147,1282231,825185,1142679,Rec
772585,1479803,2398493,1063567,1869669,Rec
749911,1299915,2237353,972343,1707253,Rec
824493,1657763,2734103,1189483,2138265,Rec
787725,1404165,2473383,1043491,1882743,Rec
824205,1449635,2228687,1078947,1791055,Rec
785719,1555457,2657807,1117309,2061339,Rec
868143,1637595,2822479,1175659,2133885,Rec
790285,1582335,2912205,1127903,2193957,Rec
912665,1596733,2378345,1187481,1919171,Rec
900661,1656059,2556199,1200331,2035511,Rec
876875,1680835,2477607,1211381,2012473,Rec
652897,1272943,1689485,917891,1445937,Rec
1074775,1902629,2982551,1379135,2253183,Rec
1025647,1902337,3103501,1393945,2451031,Rec
935133,1864843,2677307,1321553,2191691,Rec
982201,1911831,2773195,1372825,2276895,Rec
812765,1653659,1995633,1169819,1762965,Rec
776925,1753527,2735599,1284083,2432059,Rec
991435,1909761,2907639,1376309,2351123,Rec
989825,1902705,2854221,1362665,2292443,Rec
867697,1817397,2564905,1275295,2135151,Rec
863755,1612371,2490623,1175087,1998405,Rec
860399,1458679,2269559,1099599,1814663,Rec
687513,1318039,1906539,952197,1575977,Rec
774635,1426919,2009421,1024733,1626623,Rec
779429,1577147,2189113,1124899,1853113,Rec
835591,1559145,2012689,1123825,1684725,Rec
621939,1379907,1683197,989789,1556955,Rec
738679,1525971,2070551,1074925,1755185,Rec
790643,1575501,2237523,1106743,1811931,Rec
764305,1557003,2296787,1086437,1814195,Rec
911135,1646663,2658209,1201531,2052451,Rec
625477,1321951,2283459,919091,1772825,Rec
835431,1630479,2970817,1169603,2238855,Rec
895271,1627545,2890587,1195693,2183207,Rec
882933,1656609,2977853,1204921,2250951,Rec
657591,1400197,2709319,993333,2059903,Rec
641267,1465339,2431175,992873,1913355,Rec
687341,1542743,2744291,1076073,2129959,Rec
769079,1604571,2935051,1139995,2236991,Rec
555781,1247373,2114479,868705,1668125,Rec
707395,1556323,2822255,1082901,2141159,Rec
786631,1635617,2955753,1148565,2234267,Rec
1029865,2070583,3379013,1471967,2652969,Rec
742595,1686949,2304793,1148337,1949983,Rec
700809,1635279,2074415,1067193,1756395,Rec
764065,1683997,2384107,1097681,1901045,Rec
829179,1862049,2797885,1291911,2305427,Rec
967931,1979933,3387611,1390127,2598609,Rec
883871,1782659,3147273,1423925,2669547,Rec
823371,1858135,2706349,1199433,2066971,Rec
982613,1884515,2680341,1367993,2219579,Rec
509775,1209731,1270419,878135,1316685,Rec
1083637,1994705,3025807,1461737,2452945,Rec
909955,1963303,3029135,1368661,2446621,Rec
768003,1804669,2708677,1210447,2160841,Rec
1055561,2014565,2858765,1457783,2332019,Rec
690999,1604123,1854839,1076709,1642333,Rec
1136543,2051471,3339081,1501445,2608137,Rec
899059,1917231,3333351,1334067,2564141,Rec
1003061,2041093,3748165,1449801,2834643,Rec
990669,2067381,3793635,1456871,2874901,Rec
1166511,2362817,3967053,1676795,3087277,Rec
707389,1674767,2575569,1139289,2087227,Rec
1011595,2067767,3743013,1457601,2803843,Rec
511901,1316731,1790293,863641,1505205,Rec
248813,585699,874751,442573,785051,Rec
311751,703199,1097327,438989,824357,Rec
361233,707937,1252801,506231,957851,Rec
305655,577011,682987,400575,593517,Rec
367965,673647,1123291,494637,865585,Rec
396631,689725,1035509,517037,852439,Rec
401929,690201,1028595,517139,833753,Rec
323063,696733,1221851,485165,937401,Rec
266963,574223,944023,399821,742469,Rec
1406775,2438191,4226915,1825375,3242003,Unknown
1393103,2432703,4190545,1817711,3222841,Unknown
1401341,2440199,4264819,1809193,3232141,Unknown
1377053,2410033,4172373,1798435,3194839,Unknown
1390663,2412993,4153111,1800815,3195079,Unknown
848573,1544555,2643857,1110323,1973011,Unknown
1132839,1820851,2623607,1435695,2206691,Unknown
1189687,1879483,2754937,1430123,2212423,Unknown
1154235,1778081,2676079,1289101,1978695,Unknown
1223323,1973947,2816403,1424739,2188027,Unknown
1694073,3146179,6861377,2465881,5064207,Unknown
1459647,2876375,6560831,2015999,4503427,Unknown
1448421,2609715,5735331,1898943,4059921,Unknown
1394439,2389623,3824939,1827281,3046815,Unknown
1453725,2442447,4024309,1860749,3174563,Unknown
1302897,2188893,3801591,1733215,3020403,Unknown
1356217,2345069,3826277,1768477,3007275,Unknown
1263377,2510115,3956991,1741851,3079665,Unknown
1248631,2484203,3901999,1768191,3104991,Unknown
1095551,2195995,3666169,1568173,2832733,Unknown
661415,1142337,1810609,854041,1437643,Unknown
1241513,2501279,4020313,1738759,3134669,Unknown
1195539,2416717,3943193,1745009,3137199,Unknown
1236835,2478895,3942017,1760197,3122403,Unknown
672729,1187361,1803583,879699,1457319,Unknown
1181823,2269865,3934371,1628113,2988351,Unknown
1597625,3202535,5603589,2112953,4167329,Unknown
1659631,3340187,5760713,2354685,4427103,Unknown
1722851,3366781,5676343,2394261,4406503,Unknown
1318261,2590739,4705247,1896475,3717863,Unknown
1429877,2853997,5153631,1989075,3869483,Unknown
1006327,2004069,3290285,1489593,2645617,Unknown
925727,1744711,2963041,1239525,2262185,Unknown
1644705,3487461,6045871,2416095,4594859,Unknown
151647,304999,512817,224177,412665,Unknown
158665,317005,512393,222885,400971,Unknown
143577,294365,484919,213937,390299,Unknown
132989,274341,430519,187087,344869,Unknown
249479,472999,830761,346503,640243,Unknown
139455,279331,478977,192685,385105,Unknown
1155695,2088785,3385025,1336269,2379159,Unknown
1232897,2259543,3906825,1902319,3447719,Unknown
1274215,2301247,4061665,1672395,2895545,Unknown
2332555,4341941,7178529,3215821,5730639,Unknown
2330691,4339479,7215451,3189059,5685621,Unknown
1186251,2051027,3493625,1485657,2617443,Unknown
1789883,3563777,5732357,2533213,4516787,Unknown
156033,302043,513713,216775,397361,Unknown
702413,1362783,2725367,905761,1889617,Unknown
884587,1783877,3083775,1241329,2345397,Unknown
1065001,1949275,4153801,1373017,2804265,Unknown
1247205,2287949,3782349,1668265,2956907,Unknown
1408213,2419465,4658981,1426767,2462901,Unknown
849213,1762207,3299409,1253993,2441063,Unknown
1184595,2137413,4401403,1575169,3183617,Unknown
815949,1499997,2646355,1096613,2029171,Unknown
992037,1823019,3764875,1341207,2787281,Unknown
1325369,2080079,3064099,1611301,2492599,Rec
1307137,2052979,3052935,1592985,2484771,Rec
1342201,2114187,2863957,1625567,2420091,Rec
914329,1339859,2033849,1066623,1645999,Rec
838221,1288763,1994489,995551,1583243,Rec
947093,1420659,2242885,1122563,1784017,Rec
1325805,2073651,3050019,1607217,2487725,Rec
1157217,1863173,2620785,1494129,2297799,Rec
1331007,2068185,2436541,1625499,2436273,Rec
1206819,1868005,2710171,1444017,2214877,Rec
1326435,2078329,3072017,1610921,2501323,Rec
1305431,2052213,3020915,1590643,2466257,Rec
1316851,2086001,3095339,1615949,2509081,Rec
1348429,2066897,3034735,1623513,2490213,Rec
1323997,2116259,3453585,1645161,2743389,Rec
1386515,2245993,3677705,1712937,2872947,Rec
1518741,2430183,4028603,1868121,3138475,Rec
385299,674611,1159651,503657,898073,Rec
405653,658485,1187349,503593,899803,Rec
361559,670353,1210493,490553,921997,Rec
339181,400327,405483,416523,435739,Rec
380905,643521,1169241,478547,887879,Rec
387301,680325,1134641,505357,887497,Rec
384001,676425,1211091,503077,919217,Rec
325937,590709,963947,436711,754677,Rec
495565,843975,1500165,640517,1131759,Rec
498579,840205,1521969,633161,1148395,Rec
2405821,4220291,7239391,3203947,5640619,Rec
2369277,4157717,7130875,3093341,5497189,Rec
2308481,4064265,7002883,3046973,5404817,Rec
2106223,3693395,6317511,2838401,4985451,Rec
2021349,3480991,6152059,2688845,4808645,Rec
2148197,3800721,6571639,2803081,4993153,Rec
370417,681271,1063407,506235,856179,Rec
384761,672659,1197103,498961,873175,Rec
380061,663281,1191319,505135,913939,Rec
