IR_Wavelength_1,IR_Wavelength_2,IR_Wavelength_3,IR_Wavelength_4,IR_Wavelength_5,IR_Wavelength_6,IR_Wavelength_7,IR_Wavelength_8,Material_Type
869361,1483879,2889589,5614445,5832297,4022085,1368801,1307607,PE
898613,1528067,2946365,5583671,6221413,4292211,1351531,1251505,PE
976119,1658999,2891831,5275695,5463209,3833907,1327015,992213,PE
871969,1490323,2614357,5688513,5532111,3727359,1454471,1211693,PE
1367857,2395733,3976695,5801291,6246563,3182151,1532175,936857,PE
894919,1462319,2788107,5520759,6225595,4437313,1629945,1184697,PE
906133,1545077,2716367,5277059,5326185,3666957,1268523,928721,PE
1134479,2024143,3424007,5843373,5903649,3494015,1561473,948841,PE
962371,1646807,2886951,5284111,5402917,3778571,1333959,946703,PE
891185,1417615,2535043,4975629,6137685,4298393,1362691,1101733,PE
871335,1616961,2981605,4347955,3973165,2462813,1239489,813407,PE
1014493,1733079,2967987,5366049,5595339,3805259,1382153,1025021,PE
1473349,2528719,4392079,6779537,6474413,3022231,1519969,901875,PE
925957,1718551,3164321,5113279,5951797,3529059,1399667,861345,PE
1365153,2405241,4044733,5840927,6180661,3298037,1631709,953755,PE
1176119,2166373,3504409,5118335,5393629,2986741,1545577,924299,PE
1029685,1875561,3180855,5061033,4481479,2578909,1218469,799319,PE
1038937,1886735,3172003,5185737,5207211,2985253,1215727,742275,PE
1039413,1767453,3030183,5396719,5524783,3797779,1372451,1005311,PE
1214433,2115779,3487363,5678719,5546239,3423505,1486733,1029863,PE
1008349,1730301,2917335,4987627,5075295,3396491,1338673,973201,PE
954805,1600067,2728715,4865255,5198863,3673471,1316489,1005995,PE
1001953,1718299,2947061,5249163,5345929,3733331,1369377,960615,PE
1051385,1788765,3021939,5552219,5736837,3667471,1360611,977225,PE
1324147,2309699,3910583,6266845,6630967,3951607,1762351,1152245,PE
1006411,1710121,3016115,5433499,5301181,3539259,1302891,970625,PE
1344265,2300673,3855597,5926753,6104713,2974653,1450499,860303,PE
545041,943371,1549715,2078781,1612091,992383,713565,589597,PE
559085,905601,1216261,2784019,3536619,2139863,955919,690603,PE
1338549,2322969,3931675,6431743,6643275,4058661,1779059,1140109,PE
1390885,2404253,4083357,5908733,6274375,3492883,1596985,928109,PE
1474067,2448443,4047545,5526485,5820765,3088011,1539927,942397,PE
1505609,2518805,4140693,5666933,5607129,2840589,1495917,974551,PE
958323,1613425,2977113,5870479,5784123,3154821,1229499,993675,PE
1446609,2449355,4052293,5605031,5905155,3218523,1610217,1002693,PE
841431,1420345,2638353,5760897,6190127,3708335,1395019,1256729,PE
851563,1434843,2971477,5453353,5736465,4214667,1419501,1309997,PE
970695,1648535,2896231,5270735,5223511,3754039,1299261,975819,PE
832895,1515375,2871771,6163747,5905783,4584885,1481413,1269725,PE
859863,1456041,2683607,5208027,6557133,4257533,1457723,1262355,PE
1007075,1721031,3002291,5433769,5475579,3761323,1397031,1002703,PE
1012295,1729471,2946813,5157789,5286695,3556391,1345211,988095,PE
986901,1676249,3016811,5833323,5754913,3708129,1328825,924829,PE
1432871,2451849,4190161,6171035,6046107,3248941,1538539,919723,PE
1001127,1691211,2960873,5367887,5318819,3655241,1291907,999919,PE
1014641,1721011,3045225,4358575,4177291,1981083,1035353,571603,PE
870045,1479429,2495375,3977429,4451113,2656971,1226045,769887,PE
1063219,1804231,3097747,5540385,5663467,3566333,1340159,944505,PE
907315,1584445,2829799,4498639,5235263,3164375,1360961,930939,PE
1500751,2512795,3966785,5442571,5832573,3077977,1605049,942611,PE
1572361,2691877,4633921,7645247,6916865,3331017,1819719,1139479,PE
1387311,2341471,3831527,5242897,5796825,3180255,1543937,964905,PE
934349,1546291,2922465,4919499,5343771,3761267,1247499,1387043,PE
1601651,2775521,4624565,7509941,6871077,3896379,2052161,1191893,PE
847369,1492437,2833097,5471621,6000157,4435793,1319767,1125195,PE
879049,1415181,2840967,6417263,6901613,4507865,1294279,1217043,PE
1434361,2412063,4031971,5765267,5969363,3167073,1571183,974979,PE
1012461,1736111,3002827,5418715,5513159,3811849,1345657,951001,PE
1248609,2056101,3536827,5433889,5286927,2824717,1435119,991843,PE
1425523,2407189,4156453,5294151,5292937,2854583,1502765,1089779,PE
1036779,1756537,3024955,5666871,6197167,4154183,1364635,1218897,PE
1418437,2437041,4135027,6784971,6015861,2890305,1524229,910921,PE
1397389,2388517,4005995,5501709,5641751,3060305,1538321,926773,PE
1018999,1687955,3003941,4539291,4884799,3326129,1229595,768093,PE
1433571,2445563,3931603,5413279,5619943,2925361,1590717,998335,PE
917235,1635605,2900489,4275427,4741107,2813135,1321681,879115,PE
1334307,2297519,3711801,6509467,6444411,4280069,1663267,950287,PE
1356047,2275519,3867175,6768337,6307467,3563373,1634023,1077953,PE
1302489,2251721,3857417,6725239,6317983,4142069,1783511,1196785,PE
1031957,1754467,3011073,5285425,5286369,3484569,1349365,957201,PE
994785,1688899,2919793,5271381,5329419,3592993,1313709,970661,PE
1486789,2511701,4124283,6117151,6632311,3349147,1556761,922845,PE
1494531,2544605,4310483,6416443,6929945,3623415,1695035,1013889,PE
1233823,2148435,3552479,5824987,5868211,3597779,1484647,926467,PE
1465617,2554497,4218399,7015913,6874865,4308289,2108777,1263461,PE
1010513,1700091,2938551,5157821,5208635,3539049,1326961,1009543,PE
1473919,2558863,4470539,7328967,7364563,4628019,2099293,1257051,PE
954885,1626469,2923557,5061493,5652795,3166573,1307147,826903,PE
1057875,1727947,3273053,5231005,5257121,3333241,1337165,1098427,PE
1306503,2233821,3640965,5698157,5517133,2774853,1400593,827981,PE
1560367,2690339,4551541,6659435,7130417,3836127,1994741,1165699,PE
1136647,1880097,3443843,5422567,5739741,4051785,1470439,1088683,PE
1581921,2486855,3888315,5116127,5773789,3485823,1779289,1056901,PE
1410857,2353767,3743895,5016481,5568167,2994765,1579179,976811,PE
973955,1646857,2674597,4115417,4588015,2635385,1122851,691463,PE
1510381,2567341,4419177,6793855,7005965,3791931,1790689,1102871,PE
1181553,2207119,3731117,5406387,5455897,2935649,1496639,868155,PE
1647563,2943563,4895361,8239535,7946479,4460603,2158407,1158681,PE
908375,1562747,2759067,5057689,5002483,3252943,1285437,988271,PE
1066823,1794539,3056407,5241851,5593989,3885795,1431861,1132609,PE
1534709,2654239,4373685,7055651,6966701,4194429,1828319,1181327,PE
960229,1515691,3319533,5623449,5780315,4482653,1353925,1210567,PE
1009673,1667703,3165669,5378227,6274925,3974911,1446693,1302011,PE
1021621,1773805,3093381,6415103,5774751,3646943,1511397,1186867,PE
1042609,1742221,2901653,4838575,5241493,4154935,1468057,1027909,PE
1370457,2362305,3958213,6641849,5926145,3447009,1643399,1122455,PE
1712099,3033169,5017691,8039599,7826177,4487429,2145011,1269313,PE
1241367,2112383,3523435,5704965,5842003,3794519,1488429,1101813,PE
1080971,1813463,3160597,5543207,5494573,3892727,1375711,1143911,PE
992171,1687191,2921039,4937425,5052281,3590681,1330443,1047475,PE
1277963,2221299,3706301,5818017,5551393,3583007,1643349,1107975,PE
1532361,2665651,4525489,7397109,7026493,3864101,1672185,986765,PE
1647215,2937395,4850539,7865631,7663293,4312621,2102297,1155697,PE
1036245,1786123,3073939,5221995,5306541,3427703,1341193,910085,PE
1165967,2006091,3358193,5666173,5942913,3897785,1545577,1100199,PE
1089047,1806825,3134469,5723047,6068223,4318803,1582451,1162385,PE
1687879,2938081,4835451,7933105,7841573,4451445,2116185,1173897,PE
1015709,1732041,3078805,5661861,5784467,3636529,1301335,907027,PE
1434241,2463197,4183625,6695999,6339471,3699227,1548355,983623,PE
1594179,2823185,4659323,7650337,7533083,4251999,2016245,1098679,PE
1360933,2312183,3858383,6450143,6489237,4080657,1571549,1090809,PE
1034039,1768899,3033403,5307315,5514539,3642149,1399441,983111,PE
1136409,1892511,3347191,6053113,5852057,3571335,1345817,1170175,PE
1345897,2298929,3828905,6161899,5987873,3649751,1489259,1038015,PE
1247953,2121401,3634235,6101743,5803485,3157961,1437815,1221393,PE
1150955,1983387,3364599,5945635,6128293,4150615,1472931,1058443,PE
1075757,1828859,3199513,5789129,5710581,3565687,1381437,1057495,PE
1391683,2326927,3816705,5965887,6088663,4033299,1629303,1166809,PE
1179613,2048511,3434371,5692909,5687965,3432177,1405887,937467,PE
1212035,2070381,3430293,5645587,5817635,3944607,1537885,1070695,PE
1213147,2069525,3428727,5642075,5815657,3941221,1534877,1070991,PE
1726795,3075065,5111149,8386137,8131159,4569569,2291621,1242471,PE
1726321,3073295,5103589,8386403,8233635,4540381,2268881,1225311,PE
1143175,1892429,3182735,5772705,6392383,4645245,1466649,1144443,PE
1144393,1929385,3245267,5465767,5578759,3806979,1504819,1059279,PE
1110765,1934919,3308345,5640647,5466021,3375813,1313957,959241,PE
1217725,2114607,3524279,5912355,6010761,3736739,1569765,1110355,PE
1626803,3181729,5865363,8386211,8385591,7242493,3044347,1896181,Other
1908977,3566589,6163493,8367871,8367851,8370075,4271925,2305239,Other
1296695,2163389,3581217,5385169,4603197,1025449,553907,341107,Other
1720257,3276803,4963823,8376799,8376605,5695523,3064159,1485079,Other
1348815,2180627,3622463,5518405,4358519,998927,508571,306901,Other
675661,1494065,3386037,8372863,8372519,6035713,2690277,1313909,Other
2430535,4509017,7536343,8387471,8387813,8387109,4019535,2181965,Other
2366791,4365349,7343143,8387669,8386715,8387317,4007689,2182599,Other
51791,124789,153871,194653,117275,92741,132655,44213,Other
1375775,2456333,4235869,8386213,7889725,4900973,2451185,1429177,Other
11249,86361,125503,168331,114637,77011,104105,6483,Other
474443,811975,1391267,2850791,2574945,1601183,718493,416423,Other
2065221,3945509,6689041,8375457,8386747,7786577,3647619,2055815,Other
38581,108649,145181,193741,140373,107073,128721,42787,Other
51735,137817,172997,222945,155523,125621,143015,56731,Other
47139,106711,137871,202583,148677,109461,128597,39421,Other
1302257,2612647,4679009,8373589,8377209,5253803,2264351,1273679,Other
377693,479663,1350533,3348865,3357509,4395821,1995647,925539,Other
783099,1542965,2757199,6496019,5590565,3656357,1757953,991299,Other
-1,-1,-108407,146719,104473,110391,273029,232797,Other
21027,242609,273353,355461,299599,328257,343913,176489,Other
-1,-1,-1,-1,-1,-1,-1,-1,Other
22785,112181,143095,201539,142151,100433,126239,42491,Other
567283,1021239,1717599,3617079,2921281,1810687,810507,447881,Other
421265,705955,1460893,3630139,3147275,2330037,746033,521065,Other
152437,284709,513049,1135753,949711,713459,322389,197259,Other
75457,102805,101251,169027,139519,123975,152469,48459,Other
48329,135291,258385,493821,388127,299419,150151,46941,Other
143505,286567,517157,1112785,924827,687419,328119,201113,Other
-1,-1,-1,-1,-1,-1,-1,-1,Other
472005,856437,1375875,3002425,2363853,1553229,693935,402147,Other
1787947,3523831,5631333,8395653,8378011,6231861,3379963,1452183,Other
-1,-1,-1,-1,-1,-1,-1,-1,Other
60567,79493,130965,190081,132105,97297,110311,24227,Other
44713,108837,154693,211251,143313,109507,130555,44125,Other
27813,136917,160791,168673,59659,-188095,-191291,-139809,Other
482149,858107,1403955,3015047,2426885,1676621,717265,406299,Other
518151,897063,1534285,3184213,2620065,1721399,750993,440845,Other
612165,1083381,1805591,3731051,2849041,1866789,846709,479079,Other
-36197,-54831,-136199,-151183,-277541,-216527,-123197,-196771,Other
46505,103055,150147,199367,137731,111481,124835,44231,Other
1135421,1802375,2461533,2563933,1624101,411081,259615,158817,Other
1728105,3483059,5476713,8385057,8370721,5870139,2143329,899413,Other
31401,92393,131175,170901,136239,103979,96719,-5867,Other
42571,104957,145255,195259,139553,107659,128217,44905,Other
45135,115753,156343,196791,146023,111753,134383,52649,Other
467291,819443,1345401,2828863,2346309,1615989,669407,381151,Other
68797,138783,159245,219121,154795,116973,145721,49221,Other
45445,190973,391969,706667,678469,614163,224329,184775,Other
363239,596251,1958249,4278091,3787075,3311387,717709,825511,Other
-1,-1,-1,-1,-1,-1,-1,-1,Other
-1,-1,-1,-1,-1,-1,-239805,-209413,Other
-1,-1,-1,-1,-1,-1,-1,-1,Other
151517,283469,509949,1129495,935463,699129,321851,193121,Other
-1,-1,-1,-1,-1,-1,-1,-1,Other
46041,102313,147029,193557,141415,110075,125155,48597,Other
39801,115193,140557,200465,139263,102773,134581,37393,Other
-5219,90139,162847,228565,160689,142811,179499,73739,Other
465841,823997,1346725,2867587,2384205,1619099,687827,401011,Other
526679,746903,1042303,1058923,427191,233111,164857,69393,Other
468229,838573,1386553,3047361,2345355,1555761,673987,370341,Other
74477,126423,153189,216743,150077,109327,132385,45519,Other
72249,135707,151919,187095,138897,128433,151813,64879,Other
-1,-1,-1,-1,-1,-1,-1,-1,Other
-20959,85687,112861,212783,165287,142855,133007,25607,Other
169045,351189,572375,1142615,948887,670945,408961,197063,Other
1335711,2710955,5076365,8386307,8386503,6609391,2719941,1603849,Other
620429,1320867,2566395,6839785,6337237,4850835,2217975,1350375,Other
1445627,2321865,3807097,5417487,4026379,994801,522773,296695,Other
263921,538137,843703,1823999,1508903,980619,559097,262849,Other
178529,362179,570079,1182511,1022571,706999,406635,192559,Other
1264073,2116383,3571177,6158527,6320723,3822217,1466751,934265,PP
1285357,2218001,3723925,6156367,6260009,3544491,1563187,894749,PP
1288505,2219001,3654761,5996243,6054479,3519259,1493789,892619,PP
1292379,2218601,3705427,6138777,6258061,3621203,1580679,892387,PP
1290415,2144667,3604933,6132173,6134325,3733625,1504153,988907,PP
1323865,2274851,3744251,6173215,6341501,3795571,1579815,958819,PP
1306377,2240745,3755117,6171639,6241363,3594241,1588817,907993,PP
1305085,2237593,3757039,6216061,6244073,3592067,1591947,912879,PP
1308385,2150967,3621389,6114753,6299959,3977951,1485879,924381,PP
1324085,2270561,3774125,6196923,6382719,3779891,1519985,924401,PP
1287961,2134887,3582365,6162443,6391799,3949237,1504753,949279,PP
1323565,2247273,3742329,6128257,6259043,3824265,1565883,951905,PP
1314081,2178133,3646291,6234689,6261457,3718325,1523783,932559,PP
1294251,2153339,3594095,6045547,6054295,3602971,1487853,908255,PP
1317915,2247917,3722105,6166785,6371263,3871865,1584587,1002387,PP
1285357,2199453,3628867,6014765,6218887,3708263,1519921,874147,PP
1326261,2250711,3708017,6036189,6121863,3686505,1562731,951411,PP
1252185,2068967,3450647,5985913,6143197,3949243,1480325,1024935,PP
1259225,2102131,3494889,6002897,6413991,4063761,1488577,1040867,PP
1297683,2139283,3544411,5882413,6106629,3894471,1530449,966765,PP
1296451,2145463,3547743,5935233,6228915,4000131,1528733,972623,PP
1309107,2226951,3669851,6046549,6149619,3648573,1527553,933109,PP
1277935,2108805,3514465,5807351,6004429,3685507,1487559,950515,PP
1304201,2165725,3574071,5926947,6172965,3760621,1539917,934893,PP
1312169,2165621,3595055,5932091,6072305,3875901,1546421,991229,PP
1302101,2157511,3597793,5917763,5972927,3667893,1534437,969637,PP
1327723,2275317,3756559,6216919,6285593,3761977,1519639,930365,PP
1282449,2110701,3539025,5954543,6071385,3775427,1468867,908669,PP
1290817,2118469,3525783,5929695,6024421,3695037,1470551,960105,PP
1312765,2227003,3699319,6101087,6149717,3661937,1488107,896209,PP
1315523,2228303,3723423,6163647,6231193,3699445,1526623,936277,PP
1297327,2130643,3572169,6003433,6177293,3745175,1541345,947841,PP
1351569,2305359,3831793,6309285,6479093,3919791,1614009,986857,PP
1288451,2118395,3542011,5963919,6328523,3803079,1502657,952621,PP
1272027,2109963,3520109,5988869,6149543,3677627,1474259,913799,PP
1261767,2090127,3464103,5872405,6203747,3840139,1509965,962607,PP
1305335,2212727,3670765,5964999,6075285,3567117,1520897,940535,PP
1270537,2148051,3581579,5953503,6288803,3871593,1542049,973065,PP
1295203,2139629,3573709,5965069,6130453,3732673,1534311,1008545,PP
1299217,2192907,3649993,6000639,6142331,3697441,1499913,942917,PP
1302451,2157143,3583847,5915713,6025341,3529305,1486767,968623,PP
1303821,2154501,3592287,5976111,6055687,3514993,1480155,928899,PP
1354811,2294931,3804419,6124897,6159949,3581363,1546573,929423,PP
1308803,2164975,3579701,6011029,6241569,3874353,1523843,996045,PP
1306327,2222813,3698781,6137437,6355639,3872083,1641297,973029,PP
1307687,2233801,3736541,6210035,6330607,3758915,1644415,966067,PP
1298669,2132891,3575465,5937099,6086577,3810517,1539501,1006775,PP
1303343,2145209,3587761,5928163,6143391,3934231,1561893,1023197,PP
1319759,2257477,3727541,6041139,6110995,3608413,1543395,924761,PP
1331309,2275163,3756037,6039419,6095477,3645921,1567839,956663,PP
1274211,2111413,3513253,6034385,6263907,3817603,1498889,906991,PP
1286441,2122661,3557359,5981233,6229153,4007061,1535419,1004143,PP
1288483,2117311,3511433,5813331,6036593,3802619,1539839,989801,PP
1302569,2127909,3569481,5988209,6138209,3812463,1503145,966571,PP
1306143,2209103,3723589,6165091,6268333,3725409,1603247,972041,PP
1289531,2120699,3534163,5957083,6107245,3670669,1437297,885947,PP
1345905,2286693,3824149,6221953,6314793,3771635,1582943,967633,PP
1291731,2177319,3624269,5957445,6170775,3767587,1552149,944349,PP
1297237,2143669,3599607,6004133,6056255,3646421,1493129,907111,PP
1262623,2150395,3598089,6047235,6233135,3953429,1573415,1030837,PP
1225857,2092457,3596499,6000665,6033523,3767839,1531823,1020133,PP
1113941,1910041,3208113,5614169,6167089,3879543,1406163,884931,PP
1254857,2213345,3672899,6109801,6195667,3768829,1551339,943035,PP
1291645,2281203,3786785,6305509,6522345,3856081,1617091,1006183,PP
1288709,2188175,3659145,6031059,6098301,3715685,1595431,1021083,PP
1246987,2110875,3550163,5899775,6001011,3769595,1535745,1001103,PP
1303769,2195765,3683815,6054785,6061371,3635847,1578375,1019395,PP
1307555,2297513,3822675,6250681,6334715,3850887,1635149,1013503,PP
1233113,2130155,3628879,5805469,5820197,3545865,1555977,979955,PP
1266129,2240423,3720705,6198543,6304033,3640335,1571481,950845,PP
1313157,2300183,3792221,6089679,6116183,3639891,1600895,997329,PP
1165743,1986225,3447951,5448097,5374279,3069905,1475777,907761,PP
1292737,2264381,3788745,6178677,6269703,3624113,1642605,981631,PP
1311445,2219897,3707487,6188039,6167459,3737495,1608287,1012777,PP
1288635,2252983,3746775,6178747,6293057,3847137,1616703,1043639,PP
1185009,2048503,3512105,5742431,5853413,3547195,1514161,968455,PP
1214865,2122969,3631895,5993737,6041955,3608149,1540083,955335,PP
1256479,2147837,3577801,5972643,6112941,3787999,1539823,1019737,PP
1268705,2159483,3616505,6041427,6151349,3680439,1526551,982033,PP
1284687,2239051,3746497,6262541,6367143,3890165,1599091,1015413,PP
1268437,2145051,3615597,6137363,6274387,4007425,1536733,963677,PP
1120723,2028725,3499671,5874745,5983971,3656715,1474023,953821,PP
1251069,2176813,3675759,5947239,5947249,3740887,1602859,1040195,PP
1255541,2132049,3595149,5945821,5940263,3474395,1489625,962849,PP
1262565,2227305,3745637,6261363,6338161,3788919,1667307,979949,PP
1292857,2246749,3751233,6127609,6153119,3749491,1620469,1020369,PP
1241771,2115055,3552207,5971573,6184853,3857885,1555303,963109,PP
1314695,2315487,3862905,6315447,6345983,3634713,1616485,953989,PP
1271153,2131481,3624969,6181911,6336583,3873329,1592073,1037375,PP
1235913,2213485,3741769,6341305,6469291,3797503,1602545,954281,PP
1238141,2153165,3636195,6061599,6071299,3550915,1575423,955695,PP
1251887,2123323,3558457,5990077,6105547,3797093,1593163,1027391,PP
1239637,2107205,3504047,5944041,6151959,3819989,1498925,990435,PP
1253519,2102191,3556163,6038079,6203335,3928677,1543583,1019711,PP
1319179,2308109,3891805,6522045,6672809,3926749,1642139,992357,PP
1249285,2112917,3527775,5959631,6147735,3865989,1550851,1000341,PP
1282229,2243389,3734687,6227805,6395693,3813295,1593145,976675,PP
1276229,2166955,3611579,5948911,6037045,3666959,1560421,988881,PP
1220529,2012797,3472639,5680907,5510385,3311055,1512193,971743,PP
1252281,2120429,3566415,6066047,6211401,3790883,1501203,1028217,PP
1251047,2146143,3556285,5996291,6126259,3636341,1540681,989287,PP
1126521,1904449,3252427,5122929,4994079,2869783,1291423,762391,PP
1260315,2198729,3672365,6044541,6039669,3510017,1551035,896577,PP
1291139,2182551,3642923,6051619,6155081,3660555,1532275,964237,PP
1269403,2148281,3601345,5975381,6062807,3737875,1607613,1023339,PP
1279813,2241171,3727861,6266931,6386755,3865731,1598127,939131,PP
1273095,2157965,3573329,5974593,6123011,3786309,1581629,983657,PP
1240827,2158615,3606471,6005575,6084405,3656151,1570661,991575,PP
1268405,2132441,3614871,6245667,6431063,3961759,1566623,1007677,PP
1231273,2090243,3501347,5958757,6188557,3735509,1542665,1046421,PP
1261427,2129931,3572841,6037505,6199195,3789699,1563233,1020525,PP
1303183,2281371,3776413,6288415,6498823,3855751,1582207,966257,PP
1223427,2055201,3487581,6005725,6248619,3892237,1533263,996723,PP
1297475,2269917,3795071,6231381,6334951,3596081,1556431,920577,PP
1279331,2246069,3716205,6017931,6121797,3577761,1560031,965025,PP
1250897,2214589,3698753,6195007,6362323,3724999,1619745,943481,PP
1278867,2255253,3746881,6251431,6361031,3715001,1588405,948037,PP
1281451,2161949,3612783,5964783,6042385,3675119,1569517,986165,PP
1267649,2180353,3657751,6157747,6297009,3670059,1529457,898229,PP
1967309,3204987,7114113,8387491,8387285,8388603,4300915,3539659,Alu
2028275,3232553,6990047,8388687,8387257,8388005,3907893,3634229,Alu
1970257,3150509,7075623,8387335,8388841,8386441,3718989,3378525,Alu
2032993,3074147,7528493,8389079,8387479,8387579,4054593,3599447,Alu
1975255,3083853,6791309,8386947,8388143,8388801,3801315,3518213,Alu
2036775,3071825,7403909,8387261,8387329,8388921,4086427,3568497,Alu
2061161,2999393,7155563,8387065,8388819,8386891,4044301,3559443,Alu
1944633,3023091,7166655,8387703,8389025,8386879,4054771,3597877,Alu
1891809,3106873,6777231,8386769,8388055,8387531,3778035,3308657,Alu
1969647,3050241,7241407,8387101,8388231,8388539,3427041,3454395,Alu
1911929,2943045,6991913,8387737,8387223,8389043,3836647,3560087,Alu
2051787,2990307,7317543,8387501,8387593,8388521,3794881,3646425,Alu
1998811,3035703,7098629,8387571,8388487,8386861,3957849,3499885,Alu
1938963,2982809,6652877,8386639,8388167,8388405,4009275,3468567,Alu
1981303,3114843,7488465,8389101,8387259,8387487,4161207,3867221,Alu
2008093,3094739,7064551,8387827,8387489,8388901,3929691,3784341,Alu
1922059,3166457,8388121,8388295,8386373,8388183,4800779,3268261,Alu
2289579,4008331,7610449,8386555,8387841,8387299,5943195,4038609,Alu
1798057,2743493,7720789,8387773,8388961,8387475,4539667,4235111,Alu
1910341,2811041,7589145,8387237,8388809,8386667,4399567,3951915,Alu
1642647,2545185,6524115,8388665,8386657,8387681,4910745,3153361,Alu
1986019,3010893,7229727,8387403,8388219,8387865,3943041,3700463,Alu
2085401,3139831,7260703,8388441,8387063,8388395,3602771,3608725,Alu
2002291,3061947,7200483,8387861,8388309,8386883,3813379,3436905,Alu
1862319,3127505,7235567,8388845,8387975,8387309,3834147,3626043,Alu
2019281,3210385,7836225,8388027,8387073,8388429,4003983,3459667,Alu
2011915,3014341,7337121,8388933,8387009,8388027,3986287,3547139,Alu
2003383,3049599,7113007,8388279,8388481,8386891,4242577,3760591,Alu
2055767,3052327,7344279,8388293,8387999,8386381,3923717,3535197,Alu
2013895,3090643,7145195,8387575,8386815,8388599,4031377,3418995,Alu
1077451,1785643,3109817,5546613,5603895,3626225,1334249,961607,PE
1052625,1748347,3028651,5306543,5487807,3585253,1334789,974071,PE
1739425,2926135,4966239,8067771,7937157,4524493,2095275,1151195,PE
1642413,2833577,4663775,7823697,7816925,4410613,2112223,1122547,PE
1653071,2856789,4738421,7851083,7693037,4251337,2132563,1144937,PE
1101903,1791581,3238939,5899813,6373959,4382137,1368657,1124335,PE
1129473,1802043,3246809,5836165,5532875,3134283,1395683,1195429,PE
1027619,1730919,2967295,5176065,5337191,3399981,1339623,877319,PE
1083469,1794675,3060609,5223645,5421575,3912085,1491653,1004201,PE
1031717,1725053,2895319,4958523,5325519,3622349,1422037,962691,PE
1021369,1714395,3011889,5311545,5711443,3422403,1325859,862003,PE
954893,1584163,2755161,5227523,5960027,4265247,1364767,1081497,PE
1014107,1648931,2929747,5399525,5264735,3248649,1334605,1061539,PE
1021203,1710313,2979513,5182299,5221019,4087073,1392375,995731,PE
1376521,2233683,3759989,5940617,5781425,3455943,1429123,942259,PE
1440625,2360171,4009603,6998761,6619275,3932127,1502519,933223,PE
1424717,2382281,3863707,5810851,5710465,3624217,1565913,1069833,PE
1349643,2236383,3746371,5951609,5988091,3637047,1446093,917797,PE
1037119,1717913,3033101,5556033,5744737,3919559,1383859,1000765,PE
1192453,2016419,3383849,5802129,6182877,3953291,1466815,930609,PE
1566033,2624363,4159763,6584983,6727181,4116993,1784343,1201511,PE
1564517,2610823,4218409,6692767,6710327,3987793,1763157,1163237,PE
1191417,1954545,3246799,5483423,5616017,3608009,1439241,1052249,PE
1201903,1992295,3379583,5598305,6249445,4348833,1535963,969651,PE
1579253,2726443,4487095,7429579,7412383,4203069,1995247,1098051,PE
1602517,2750957,4523827,7440189,7406759,4250737,2009565,1096459,PE
1116383,1844059,3161823,5654815,6053883,3850593,1392297,951027,PE
1115211,1835097,3159411,5575071,5870755,3734377,1390871,1011949,PE
1200101,2021175,3340711,5514657,5813461,3755543,1576965,1036911,PE
1200855,2043927,3389665,5739139,6038449,3769737,1488043,939989,PE
1533489,2577653,4331331,6945009,6641751,3652151,1652667,1024763,PE
1457591,2559125,4363869,7388207,7596579,4449177,1834495,1130451,PE
1035071,1715779,2984587,5289929,5719127,3224505,1258659,1010443,PE
1025293,1744785,3024579,5151359,5679785,3976259,1505465,1036877,PE
1177111,1877365,3320445,6379297,5728441,3919243,1308133,1087523,PE
1176623,1882799,3330515,6396595,5726281,3944633,1311811,1086467,PE
1110605,1905089,3300417,5925107,6283003,4248617,1540925,1123329,PE
933283,1477835,3276803,6487517,6199365,4780177,1273587,973421,PE
1452427,2381489,4064543,6652627,6710691,3653605,1487535,852181,PE
1384229,2289247,3749479,6160125,6587543,4190975,1622667,1064567,PE
1680245,2884355,4767023,7784271,7689663,4336821,2077699,1132849,PE
1668845,2874751,4749337,7755747,7692929,4344545,2079363,1143129,PE
1125709,1796819,3023191,5355129,5913927,4331211,1396483,1149657,PE
1124439,1807397,3140791,5575791,5826887,4128095,1407103,1091367,PE
1734943,2996249,4935303,8176373,8176455,4693397,2233703,1170639,PE
1748505,3039723,5015163,8175259,8088449,4480367,2259459,1216631,PE
1186003,1977237,3300797,5637517,6073657,3915595,1463699,975067,PE
1067981,1761157,2984459,5244561,5721963,3965559,1355517,989423,PE
1245009,2072341,3487971,5831345,5921713,3598593,1403353,840395,PE
1244351,2083809,3330391,5780985,6109555,3816721,1512673,951483,PE
1373851,2258241,3691119,6096505,6193175,3825381,1532913,1071829,PE
1439733,2338153,3925017,6187603,6218345,4315629,1705391,1158251,PE
1377533,2281191,3903923,6418693,6491483,3985947,1496679,992953,PE
1372941,2277655,3900997,6418611,6490151,3984763,1496511,991523,PE
1367485,2249765,3878225,5812613,5600463,3366149,1537207,1177125,PE
1171937,1963867,3257457,5559407,5895911,3819535,1527677,1023695,PE
1213819,2023449,3420529,5516385,5686849,4074995,1474271,961903,PE
1187931,1976453,3277475,5471097,5721583,3632973,1460455,980769,PE
1009553,1662777,2912769,5146681,5266627,3453615,1333507,948257,PE
994877,1706345,2955013,5505235,5752705,3840173,1395195,1014291,PE
984349,1670223,2946353,5455639,5925627,3750509,1344737,917779,PE
1045847,1688209,3029257,6163555,5630253,3705411,1340385,1051325,PE
1049413,1687987,3032545,6193947,5634247,3691549,1342947,1049569,PE
1047875,1682469,2971437,5939883,6410711,4118021,1280081,1411727,PE
1057019,1652939,2777655,4588049,5230015,4569781,1392699,1130117,PE
818825,1429059,2427743,4851049,5074905,3539163,1220005,887627,PE
832495,1418103,2406103,4608075,4919469,3350049,1230211,892211,PE
802979,1393507,2402573,4738931,5210397,3518495,1245825,796691,PE
1640477,2812059,4618221,7568187,7644525,4393345,2073329,1116757,PE
1615547,2825827,4670097,7693589,7707215,4377293,2100667,1106951,PE
1625863,2796971,4593741,7530437,7613697,4387737,2064241,1114137,PE
1180197,1978407,3275057,5432653,5727567,3648633,1417469,908585,PE
1182495,1982229,3298521,5505437,5742039,3386837,1385513,911511,PE
1188291,1995527,3216907,5359783,5934099,3670701,1483779,974991,PE
1090399,1777413,3123707,5660579,5847049,3752923,1290107,1006671,PE
1087749,1749713,3047285,5940177,6404811,4426153,1481619,1229143,PE
1049239,1722043,2969799,5281161,5488957,3852657,1290051,1009623,PE
1229129,2042041,3437965,5129511,5607525,3895719,1553545,1015799,PE
1190351,2077313,3501493,5952185,6447341,4285985,1581767,1158599,PE
987985,2033589,3299665,5969235,6046363,3364983,1387929,766707,PE
992033,2043305,3311875,5976717,6030259,3352487,1385053,766433,PE
967793,2617937,3975225,5542917,5185701,2428671,1567971,588693,PE
1073025,2596131,4221975,6333217,6243891,3091343,1609077,810399,PE
1013065,2494465,4118677,5690299,5030207,2606377,1612049,801739,PE
1264449,2186883,3859033,5984245,6720187,3444151,1660649,952065,PE
1265169,2189677,3863787,5997845,6725241,3440121,1659741,951861,PE
1589507,3083057,5088973,7406111,8385671,4359657,2476003,1311533,PE
1349867,2279331,4020455,5967957,6678925,3524201,1705089,977411,PE
1348471,2283101,4036143,6042395,6692217,3475747,1702447,972553,PE
1288167,2202745,3982629,5995327,6049775,3049177,1716335,1038105,PE
1274005,2186857,3868985,5668307,6434155,3541925,1684117,970327,PE
1313117,2238215,3982005,5874317,6470373,3504439,1699147,953539,PE
914509,1490375,2638545,4946063,4844711,3415751,1219155,933991,PE
909971,1488599,2593879,4878907,5266617,3621867,1247879,902511,PE
897123,1475217,2582247,4828297,5277997,3623297,1243475,892469,PE
909143,1372087,2785233,5255879,6032261,4506821,1268435,1077959,PE
876959,1507973,2953495,5375081,5763689,3981953,1432187,1101359,PE
894287,1351653,2869109,5775595,5615055,4266289,1257061,970993,PE
1052903,1648933,2871639,3814587,3451401,2118209,1116641,731593,PE
1041603,1633901,2852695,3815605,3473035,2121791,1119391,728525,PE
976981,1586845,2719467,4681321,4930507,3489419,1308687,1028301,PE
948635,1542787,2704121,5033535,5261797,3683061,1276967,944393,PE
1474435,2465773,3995665,5129171,5387117,2965623,1473527,928079,PE
1293337,2114475,3659783,5367339,5777335,3279785,1614255,1125385,PE
1380819,2199693,3505997,4709359,5513431,3205967,1646965,1064689,PE
850349,1388719,2723869,5363175,5257431,4084377,1299443,1041495,PE
936271,1469015,2864503,5650971,5359607,4899887,1388145,1091427,PE
897945,1402859,2713965,5240655,5068091,5563211,1452405,957767,PE
1349337,2285673,3868401,6173265,6640031,4134579,1735967,1071565,PE
1331809,2266587,3857701,6209291,6597109,3943625,1672827,1039293,PE
965417,1583267,2770511,5053641,5215359,3651257,1310433,941247,PE
967101,1593115,2791331,5143425,5292049,3625707,1312327,942329,PE
1036777,1622873,2953031,5295257,5503541,4118501,1536321,977435,PE
1066507,1677897,2964335,5610829,5783091,3616357,1587325,1004461,PE
959075,1563669,2760999,5211157,5417787,3785461,1304605,1008683,PE
974809,1587619,2842987,5290755,5230057,3868735,1331663,943247,PE
869279,1386085,2887349,5381699,5489751,4155829,1256335,1180687,PE
842447,1455931,2724079,5824199,5737099,4082629,1384179,1059635,PE
1429315,2369221,3978179,5757847,6016715,3116499,1587135,881517,PE
1405891,2274259,3655063,5098321,5929419,3425983,1689291,995447,PE
888643,1486725,2596787,4308101,5174047,3233163,1336753,916281,PE
886811,1427829,2456899,4052731,5208455,3586811,1514171,1037747,PE
1291329,2086613,3418887,5190199,5837901,3575581,1475163,1009125,PE
1285391,2104697,3496781,4981319,5556429,3408269,1475031,983999,PE
1284579,2095893,3584439,5201033,5582317,3362519,1454343,961349,PE
1285273,2103373,3489385,5189533,5720209,3445609,1446891,991311,PE
1244229,2185143,3488569,4968329,5106727,2843745,1453019,863223,PE
1162547,2060055,3393489,4878591,5193989,2907051,1468131,869917,PE
1242137,2019411,3146099,4338249,4899501,3181741,1697729,1003547,PE
902531,1342959,2375361,4479315,5549755,4282075,1250539,1016633,PE
854349,1408455,2721725,5446017,5252949,3955587,1295049,1011995,PE
843725,1326741,2397661,5099193,6095309,4188897,1339527,895887,PE
1058175,1727231,2963925,5184713,5357541,3578925,1311019,900963,PE
994535,1603153,2770719,4956079,5171891,3650265,1294163,925993,PE
1472971,2410643,4022663,5106739,5306487,2929101,1451593,951739,PE
1349353,2239499,3766405,5499217,6082417,3415755,1565749,910893,PE
1003765,1647869,2798981,5003757,5240299,3510143,1313251,911569,PE
1454685,2393675,3783549,5010989,5427795,2979735,1506027,914861,PE
1441971,2380913,3762151,5012553,5468869,3000095,1504797,912045,PE
1493673,2396147,3817039,5042909,5731655,3088411,1603893,1015663,PE
1045907,1666709,3011627,5812141,5138943,3798951,1378347,961495,PE
1038573,1703657,3012899,4983937,5115733,3724103,1346689,1190771,PE
1004827,1757245,3050247,4891319,5090683,3095501,1348761,844155,PE
1043937,1795247,3043665,4470095,4437541,2510779,1212921,852181,PE
1002573,1717027,2938745,4889763,5191351,3229921,1255647,800191,PE
984331,1839749,3040859,4738059,5095923,3205787,1360897,826123,PE
947949,1739701,2912417,4832809,5029975,3076735,1281171,765315,PE
1141193,1840551,3199291,5661717,6342691,3977211,1425993,1136683,PE
1429763,2476799,4237909,7232817,7790667,4657879,1987913,1090519,PE
1373649,2492885,4154797,7601841,8045193,4633997,2030135,1105415,PE
1008843,1636993,2808685,5005729,5180939,3659225,1294279,951671,PE
1023873,1662409,2882919,4946787,4919649,3281185,1254309,937367,PE
1532867,2497845,4179317,5771537,5682997,2912337,1488171,878461,PE
1078079,1763915,3010665,5267411,5353793,3417107,1318231,895091,PE
988269,1606963,2761863,5030845,5217989,3550823,1265589,903691,PE
1137117,1801721,3248451,4987835,3517567,1863059,1104039,805501,PE
952389,1565295,2820431,4340979,5032521,3167055,1331249,903901,PE
874635,1484487,2750701,4743497,5522637,3496427,1415593,947853,PE
985217,1607599,2921361,4585407,4607157,2786707,1296837,919599,PE
830789,1386957,2475201,5689505,6333743,3712949,1394343,1173979,PE
897323,1461427,2785959,5404525,4840689,4233497,1260233,934215,PE
1047945,1699813,2938807,5241969,5207001,3401801,1270705,875407,PE
1003129,1677733,2905117,5378043,5858039,4075703,1419261,987723,PE
1043169,1688943,2870613,4712135,5549701,3407047,1358733,1036525,PE
658435,977203,1691229,2401059,1787693,1058901,584917,325099,PE
474073,821845,1397103,2552879,2813061,1856863,778613,420483,PE
1522575,2468093,4228413,6355729,6783147,3413613,1705371,1089607,PE
1484859,2430887,4150783,6132645,6816161,3870125,1739167,921375,PE
1464399,2469499,4243687,5873741,6126393,3893503,1777165,1027035,PE
1247523,2083053,3368483,5432913,5580209,3465735,1483165,967681,PE
1272709,2133511,3509209,5736967,5748871,3639101,1544193,957261,PE
892497,1453091,2726331,4780709,5725091,4133131,1248443,977077,PE
835473,1393199,2578225,4602047,5004917,4181911,1244405,1154935,PE
1356767,2258219,3483913,5529331,6106329,4258129,1645585,1137391,PE
1373123,2269317,3815801,6325783,6360717,3638325,1607003,1079355,PE
1363659,2282805,3673887,5690629,5876621,3819745,1641147,1132905,PE
1369651,2278035,3814989,5569043,5678753,3790445,1678877,1063929,PE
956197,1579491,2839659,5515315,4751395,3186495,1419747,1007327,PE
889113,1623877,2871071,5409529,5892919,3929983,1355073,997729,PE
1007319,1660263,2833657,5067255,5353053,3655901,1326919,936499,PE
1035109,1687051,2870733,5090997,5367563,3626419,1326147,925177,PE
1473853,2358549,3827521,5086039,5707761,3106509,1557333,940977,PE
1431251,2373387,3855069,5287461,5723933,3008401,1517827,873477,PE
1066121,1742121,2929711,5158357,5680619,3531355,1322615,917181,PE
1094651,1785679,3038047,5158587,4909601,3259297,1310061,980719,PE
1543905,2465257,4007805,4949241,5496241,3069979,1498675,923683,PE
1022795,1677265,2858555,5082321,5387577,3722071,1344701,945429,PE
1454111,2440443,4290093,7343777,7422605,4177211,1979347,1232725,PE
1228603,2054863,3362231,5430877,5489777,3406035,1462537,978489,PE
1237163,2069441,3417953,5718453,5811211,3464269,1411135,844213,PE
1230299,2058035,3393691,5584985,5508665,3293553,1412505,975137,PE
1204751,2034165,3369791,5638499,5863253,3809019,1508293,975149,PE
872629,1478135,2713613,4777117,5699755,3706995,1421519,939357,PE
1010321,1757625,2894481,4103993,4515357,2698173,1303301,895041,PE
982131,1585697,2547233,3323915,3698857,1932087,1036217,672597,PE
830877,1430559,2304235,3864789,4698441,2434483,1145993,646165,PE
1212071,2162147,3556001,4933109,5259231,3097009,1520635,872481,PE
1163219,2079241,3387955,4868173,5353651,3172257,1538125,881411,PE
1310299,2191291,3684347,6260255,6119301,4153333,1669911,1146205,PE
1312103,2191509,3360819,6108095,6244611,3948837,1529815,1025291,PE
1311471,2243991,3520339,6867367,6264623,4461543,1659925,1121745,PE
1313205,2215817,3692475,6562917,6723903,4043097,1595585,1278901,PE
1413957,2331369,3776879,5270503,5849919,3112183,1618767,967483,PE
1460653,2449645,3907025,5353189,5768711,2960949,1558763,926601,PE
959173,1559203,2708817,4950867,5236233,3565967,1280659,942749,PE
979061,1583081,2724675,4738319,4938459,3437937,1276095,955211,PE
1456477,2436277,3990229,5522697,6051383,3159727,1564793,896443,PE
1489629,2445997,3926949,5121211,5714839,3052757,1559203,960083,PE
1028351,1675991,2845317,5001911,5317491,3561599,1320671,937001,PE
853215,1455923,2608013,5117941,5557449,3649457,1378871,1130587,PE
770807,1285581,2553807,4879351,5618841,4470909,1346355,1071303,PE
877403,1401957,2591713,5023237,5247451,3670587,1296159,1045009,PE
998113,1618061,2785529,4933475,5190331,3559195,1270417,915443,PE
1414155,2440155,4318561,7072111,7226057,4288705,2008541,1121725,PE
1168449,1797641,3074991,4107323,3454675,2124869,1086887,635913,PE
1013527,1617969,2785391,3606925,4389703,2768205,1172163,669717,PE
1016399,1654235,2907331,5195495,5245327,3643681,1315097,908407,PE
837287,1349691,2683113,4706875,5711167,4354537,1374993,1276765,PE
881827,1416735,2826667,5265441,5160797,3409891,1227339,1094537,PE
840277,1428715,2794147,5365271,4768215,4206371,1219819,1008025,PE
1361873,2259189,3812919,5032645,5386495,2889511,1511095,987223,PE
1475477,2415859,4040721,5270989,5506697,2901413,1490909,895059,PE
1447647,2330885,3761847,5113599,5802261,3377093,1615493,1069397,PE
1470367,2437585,4156123,5691429,5662639,2935167,1523483,924293,PE
1605817,2634357,4473893,6507619,7742037,3974665,1809273,944009,PE
1478323,2385445,3940091,5311939,5719087,3165049,1566391,973005,PE
1342529,2262205,3843685,6004373,6597517,3919545,1693357,1064389,PE
1288689,2153455,3615357,5179063,5152483,2778931,1373023,796493,PE
1009427,1635441,2881789,5273831,5421563,3547211,1282611,907385,PE
917947,1411663,2773763,4866299,5346453,4576359,1284673,978299,PE
1455109,2405939,4140845,6136147,6579043,3451797,1676679,1031981,PE
1411537,2275661,3626329,4971927,5725855,3169303,1548105,965301,PE
1517473,2474317,4271171,5671185,5609793,2942519,1522745,899829,PE
1528999,2555115,4343841,6430495,7057153,3837201,1923735,1098119,PE
1393395,2252763,3659235,4952471,5457969,3014063,1485939,884089,PE
1011475,1666801,2856433,5032747,5193865,3450721,1309437,900227,PE
