1404745,2349579,3544007,5212161,4619785,2548187,1250651,616215,1778553,2862941,4360793,4947457,3604713,1910881,940047
1432669,2375585,3605723,5226847,4537829,2463681,1284311,629697,1812749,2921941,4410457,4916189,3518377,1886321,964315
1395099,2360397,3541587,5324735,4763285,2609625,1252211,613457,1778279,2869533,4417751,5081599,3710337,1942941,939755
1394239,2369361,3563021,5335399,4844719,2681235,1271437,627913,1781239,2884649,4434767,5125759,3786073,1986487,953039
1740223,2961543,4631019,6689117,6508707,3618977,1857933,987821,2206503,3667043,5649335,6742219,5214863,2808571,1447973
1724427,2948127,4628675,6829403,6786161,3757899,1892173,994919,2231395,3707959,5725663,6857819,5301893,2838153,1449423
1623545,2782301,4292245,6358349,6111785,3490519,1771557,904489,2076385,3432007,5304241,6288957,4843217,2649343,1346975
1073845,1800845,2809581,4161371,4257013,2579171,1249013,680425,1434551,2392167,3708265,4460229,3562165,1982111,1000149
1063839,1801327,2869045,4195151,4454053,2563027,1189987,658563,1388151,2348655,3685899,4567359,3676359,1951465,957783
1323607,2155567,3412461,4860195,4143953,2165463,1197079,556071,1647465,2708331,4123577,4546219,3189201,1696889,882357
633651,1849431,2817549,4646245,3572273,1977147,1211637,520285,1203411,2256483,3669849,4108639,2778631,1606475,871779
633541,1825807,2769993,4630295,3439749,1886121,1216955,602237,1166447,2231561,3687977,4062027,2676177,1561959,916151
621847,1798425,2844063,3932421,4265401,2056771,1116515,602643,1150459,2252149,3369537,4120921,3174587,1597323,862313
769117,2123989,3389187,5791487,5007219,2923969,1503335,773871,1354625,2675989,4565499,5468993,4050375,2253061,1156619
522307,1550803,2435249,3922463,3926493,2349211,1280939,621507,1019059,1999371,3308069,4074083,3223447,1861987,934349
448921,1454807,2450189,3638123,4465555,2277539,1115955,595341,934705,1934653,3142343,4050637,3224829,1619973,807899
781435,2412993,3754267,6478449,5928635,3207487,1629793,857819,1518671,3000707,5099421,6244701,4597905,2434299,1249477
1433167,2468691,3738433,5569699,4931407,2686511,1324157,641205,1846367,3017757,4635077,5283023,3829393,2014651,989029
1433127,2459161,3717897,5519701,4918197,2660903,1326615,637865,1843943,3003651,4599921,5254441,3815297,2003175,987631
1427713,2416449,3602091,5389809,4929495,2731393,1307521,636405,1820657,2925805,4478309,5190481,3851127,2029363,977271
1373217,2325235,3469087,5069307,4617959,2588271,1268073,624405,1768381,2860987,4354295,4970847,3686691,1966609,963411
1441345,2403867,3643119,5330761,4744911,2615383,1304131,637741,1819739,2939321,4475687,5067999,3691655,1969459,976919
1517093,2539501,3905611,5644951,5223011,2733557,1321799,652113,1920835,3137839,4765097,5475711,4008211,2047319,992793
1518791,2553205,3907695,5642247,5197515,2731659,1318123,648641,1925891,3138401,4750241,5448541,3985681,2034771,986789
1549883,2673041,4091075,6052571,5656085,3053985,1523031,748271,2001473,3293751,5059875,5897891,4379069,2299427,1142667
1486139,2570747,3886767,5779029,5258267,2905595,1519865,743603,1919709,3138851,4813101,5549661,4104853,2224407,1137811
1428013,2388459,3568777,5298887,4770951,2633493,1309265,650745,1808969,2907755,4427717,5065337,3720343,1982319,983261
1276767,2104473,3270489,4892829,4318013,2295113,1174255,555881,1603681,2621129,4081403,4665397,3368609,1769373,878233
1121861,1771351,2896083,3932541,3257183,1650707,1019513,457533,1382333,2295785,3451905,3689289,2513229,1361287,748785
1521279,2550373,3865503,5635363,5172339,2752787,1315335,652281,1926857,3118317,4726579,5432131,3980651,2043827,988333
2498133,4328061,6723981,8000325,7999569,5695371,3016615,1521717,3237445,5380315,7999307,7998077,7829797,4384529,2284483
2402933,4202651,6597297,7979853,7979403,5644589,2902337,1424281,3136189,5264231,7978693,7979957,7767687,4299421,2177137
2477503,4279487,6666313,7943583,7943973,5361643,2965575,1504991,3206467,5330811,7943077,7942659,7424623,4192093,2247995
2490099,4327351,6706747,8312785,8311903,5535991,3000883,1513027,3229613,5366653,8313891,8315023,7678547,4289705,2267275
2458559,4289145,6632541,8334535,8335019,5237729,2931525,1477069,3201993,5318409,8336153,8335651,7411029,4115673,2218739
2509727,4324093,6755417,8309077,8310559,5177795,2942579,1508857,3241331,5398067,8316255,8316411,7209741,4086967,2240151
2503927,4331111,6761139,8384221,8385151,5198305,2943443,1509921,3239747,5397207,8385605,8384565,7246881,4111181,2242065
2040283,3860927,6032347,7535271,7540573,6200279,2994429,1539053,2809887,4833439,7531093,7532271,7533359,4659059,2282115
1846023,3295011,5367261,7246747,7223237,5010679,2367839,1218543,2289463,4046773,6992323,7245703,7029807,3732649,1802475
2234291,3875487,5482187,7877317,7877417,5746179,3004095,1532283,2902355,4567903,7204773,7876877,7740521,4397855,2280711
1964933,3695029,5518195,7793665,7794835,5756157,2942749,1522283,2688183,4493639,7643021,7799149,7798705,4377647,2246551
1470101,2573241,4074775,6963641,7369377,4503769,2046137,1132891,2097205,3513945,5910295,7473581,6156003,3398411,1701993
2297799,4087915,6228311,7687301,7689067,5902493,3098947,1575153,3030259,5026343,7688777,7689099,7687669,4536061,2351521
1973585,3543727,5397579,7469075,7466463,5679285,2853107,1489303,2867181,4580111,7266083,7506633,7503979,4326781,2179165
2295165,3934967,5647509,7626463,7625493,5754097,3037857,1565031,2955173,4672059,7317275,7631123,7630763,4426035,2317549
1786315,3093771,4795453,7024665,6954639,3811707,1944503,975465,2305737,3833017,5886189,7030079,5408153,2890459,1468145
1469293,2536441,3959133,5860701,5948563,3285663,1567739,807119,1813409,3041387,4715829,5714163,4489695,2373119,1158263
1660417,2874281,4415011,6583085,6331837,3519895,1803421,882225,2144909,3544289,5487723,6530053,4998835,2701891,1360021
1562859,2739925,4273303,6195341,5832143,3192115,1609815,804691,1991009,3355777,5198435,6198295,4744315,2569689,1301903
1634355,2843647,4395435,6714847,6645623,4112245,1882797,1039585,2127615,3535311,5559449,6745665,5422111,3016573,1470037
1438763,2481589,3934365,6172863,6281939,3938771,1719569,949843,1906203,3159501,4983005,6158369,5043189,2775019,1305913
1606383,2740531,4152801,5985323,5505263,2890683,1435897,683455,2061379,3353953,5049907,5777245,4217491,2172327,1063761
1590353,2720809,4114429,5946227,5440113,2834801,1431055,688503,2043489,3324987,5010707,5726135,4159309,2144321,1064619
1589205,2719731,4111371,5921037,5414411,2830795,1424141,685727,2041059,3323669,5000481,5703557,4142239,2138527,1059945
1530673,2580597,3882775,5674959,5066547,2717403,1417441,655657,1947509,3149713,4760529,5410377,3921289,2078097,1041135
1510365,2583863,3862493,5684953,5146811,2783133,1399911,667867,1937719,3134423,4757973,5450531,3988835,2104237,1037935
715135,2279769,3741725,5619909,6439763,3239983,1597293,835647,1421303,2931673,4666649,6069825,4863771,2428833,1218061
578127,1725193,2914469,4471413,5379961,2731895,1347299,705563,1139923,2364343,3804415,5004757,4059139,2035271,1045809
689493,2110193,3352737,5027423,5699453,3167981,1488771,741391,1327617,2653643,4170089,5407963,4464843,2337491,1121935
575255,1681161,2699315,4234545,4697271,2418685,1386431,632447,1130847,2225305,3771931,4838937,3687239,1920595,985677
677515,1795631,2722979,3831999,3366277,1970245,1022555,674475,1187107,2198977,3258987,3616745,2683129,1502195,853813
676799,1694973,2573843,3688253,3313063,1990627,966331,654555,1137443,2098421,3137085,3536207,2677983,1498969,825545
768955,2063209,3439695,5572439,7085839,3695181,1648663,962057,1349707,2682107,4491261,6372239,5435109,2693671,1312253
586867,1605567,2724087,4901559,5340657,2916441,1286595,923679,1037133,2092995,3865853,5225717,4246309,2211275,1121991
719001,1945727,2994471,5117573,3879549,2615281,1183727,502659,1266285,2399515,4043641,4526295,3261983,1899797,843011
660993,2082823,2965687,4163107,3715537,2079737,1049273,534561,1303141,2456019,3553125,3964973,2916061,1575851,795371
660177,2039727,2996269,4182173,3644775,2002705,1032953,522483,1282897,2449753,3577593,3939251,2837523,1525237,783837
625091,1770417,2675991,3882307,4268531,2072985,1013331,659525,1138289,2163277,3266551,4087425,3180055,1554987,842455
710059,1923365,2695277,4380045,3447847,2070363,1008329,608163,1253123,2242821,3526309,3935443,2778911,1550999,821491
1742691,2911345,4536873,6739265,6747625,3807491,1837963,958733,2201697,3622477,5620021,6788395,5310833,2839411,1404535
1374427,2258485,3669379,5484021,5569547,3118679,1482341,788347,1784769,2984399,4688081,5656523,4400231,2311241,1140407
1602293,2673653,4125095,6166715,5938073,3413811,1686755,859547,2024415,3313525,5152857,6140511,4751891,2589709,1286877
1593439,2653589,4125717,6127617,5864737,3363397,1673811,857083,2009511,3290341,5101541,6037223,4645193,2537445,1274437
1613153,2661717,4194261,6482347,6379903,4020981,1829695,1106711,2017621,3331597,5318521,6467885,5228999,2940183,1476231
1436227,2377007,3524731,5271687,4785941,2655663,1271441,608365,1804711,2867079,4379799,5056353,3733463,1972977,943025
1518541,2558583,3908933,5832023,5264703,2865343,1469323,697077,1926425,3143137,4852841,5582833,4087743,2178291,1088751
1590923,2698453,4161043,5984465,5507905,2930139,1479991,714095,2026549,3327799,5045585,5772023,4235981,2215965,1101991
1519179,2648655,4250571,6252127,6317135,3456897,1733941,888189,1956367,3301589,5137727,6148203,4718401,2492147,1251111
1754989,3021673,4763365,6996707,6943097,3819383,1990933,1032585,2263209,3789807,5867737,7025571,5421349,2925855,1520729
1642293,2827105,4425697,6623669,6415821,3606883,1863939,930185,2119193,3534301,5512149,6568333,5042937,2752937,1405573
1621503,2800585,4383559,6747131,6643581,3971931,1943379,1057401,2094205,3493007,5543463,6736311,5340557,2974365,1506353
1770041,2935575,4579463,6740059,6687349,3732331,1886125,971961,2228469,3651339,5632605,6752947,5238107,2822181,1432677
1497461,2582617,4079269,6002481,6127613,3463349,1695121,895637,2128743,3498937,5406767,6442863,4944159,2604137,1279973
1620257,2696327,4159203,6238393,6004905,3452159,1720467,878777,2040981,3331343,5181233,6162689,4753921,2600629,1308481
1372775,2248211,3514825,5224069,5107451,2933411,1462329,755677,1724711,2854623,4510459,5396897,4174841,2280757,1155153
1607665,2669651,4191573,6396391,6270641,4046547,1870215,1137707,2024931,3336529,5275093,6375869,5187591,2974669,1511491
1746787,3021519,4736457,6943955,6960075,3807553,1963023,973151,2250977,3763359,5813553,6994213,5417935,2906907,1478477
1614041,2781949,4335071,6528209,6313151,3493023,1819689,890461,2078985,3454127,5399153,6445499,4922169,2669633,1359695
1615821,2782203,4373431,6578965,6412503,3804649,1907619,1070267,2077747,3474035,5451893,6534447,5135699,2871339,1497647
1230711,2086181,3352213,5090747,5195401,3057959,1448493,776571,1546369,2640003,4276463,5319659,4233853,2286829,1117227
1315863,2266173,3552235,5076761,4858423,2706125,1378921,707617,1526989,2559709,3999357,4769337,3701533,2019269,1021655
1576151,2742593,4257181,5979955,5983149,3303017,1678117,863607,1916451,3188835,4933069,5972343,4655437,2487833,1262469
1480693,2490811,3786275,5627675,5114839,2791095,1446553,684215,1874515,3049585,4686881,5397669,3967557,2126813,1063171
1460093,2482685,3768703,5617233,5111769,2801681,1450459,689049,1869311,3041903,4678827,5403007,3981805,2137575,1072295
1590597,2693785,4133933,5865707,5431839,2883263,1496585,727179,2032871,3323645,4983021,5680955,4177171,2200751,1115825
1584163,2678743,4109281,5872599,5456305,2887731,1484525,718739,2017161,3301439,4971973,5696803,4192643,2197267,1107229
1595041,2601729,3929153,5551035,5045713,2644343,1334923,664211,1989189,3178723,4725067,5330903,3864723,2001485,1004521
1456209,2397167,3561789,5224687,4701245,2656419,1308441,626437,1820483,2895207,4379813,4996749,3699513,1991295,973723
1703843,2821537,4447467,6541809,6509657,3653195,1864649,961171,2201053,3629515,5602527,6701011,5194423,2807627,1432227
1612653,2685709,4175795,6423709,6290509,3962011,1876647,1112457,2031855,3335001,5277339,6389497,5148865,2934123,1504507
1617923,2717637,4207397,6302669,6092589,3425253,1726471,862523,2054565,3369307,5236337,6237401,4785835,2589335,1299637
1452303,2387131,3533545,5233391,4731185,2647137,1316071,632645,1817437,2880963,4365471,5007263,3712409,1997793,978393
1487581,2588459,3922635,5917199,5271311,2931433,1522833,750621,1931525,3171795,4906841,5630563,4125145,2239185,1142767
1487575,2607393,3898483,5872787,5379297,3025889,1526961,748977,1940165,3162799,4868725,5662755,4227899,2290593,1145039
1748081,3116019,4858161,7192091,7068503,3975027,2050445,1078589,2305841,3886695,6021689,7201039,5571293,3036337,1577195
1741259,3100613,4826529,7135673,7004219,3949399,2034397,1075501,2286939,3845593,5948163,7103427,5498857,3005287,1563411
1484049,2575145,3847731,5739015,5189935,2888157,1538715,756293,1919991,3125275,4778945,5498895,4060921,2226227,1154485
1465145,2581605,3866843,5851761,5279133,2987961,1529187,747173,1916311,3134485,4840415,5600405,4165729,2280823,1146197
1442285,2410661,3573917,5214413,4596799,2575365,1345239,681873,1824565,2911881,4382169,4939881,3613261,1979101,1019079
1431475,2408161,3538385,5228977,4750451,2719035,1340061,675557,1817759,2888971,4368217,5022085,3756493,2044797,1015047
1548591,2678695,4032717,5993227,5406077,2991141,1520825,753757,2000099,3262445,4993419,5731515,4225923,2275293,1143547
1537909,2676969,3987131,6045711,5443569,3034923,1515145,755173,1994237,3238979,4997325,5780087,4263479,2287297,1138083
1626671,2832771,4255737,6209415,5600517,2998575,1523661,788731,2110051,3443971,5217369,5948395,4326435,2278179,1161529
1658403,2958659,4530461,6905965,6638059,3802609,1934193,997073,2184073,3642023,5699905,6815237,5247957,2882773,1475017
1748719,3012209,4659889,6884555,6773909,3813251,1928277,1046037,2253423,3728861,5748451,6872179,5320539,2884455,1493901
1482395,2481779,3678337,5344097,4701975,2577487,1384049,672147,1874003,2996361,4495799,5058385,3663107,1991985,1034383
1459233,2454955,3635703,5390227,4783843,2675773,1373999,666401,1856361,2965893,4500261,5121525,3753259,2038863,1025097
1497523,2513567,3766407,5486653,4825573,2666371,1446891,704393,1905033,3064531,4622091,5199515,3771223,2067731,1081079
